ladder_pos,team,p_finals,p_week2,p_bye,p_prelim,p_grand_final,p_premier,rating,season,won
1,Sydney,1.0,1.0,0.61315,0.90685,0.55545,0.3129,28.76626530851597,2016,0
2,Geelong,1.0,1.0,0.61135,0.84875,0.44545,0.21635,22.94613424436115,2016,0
3,Hawthorn,1.0,1.0,0.38865,0.74325,0.3262,0.1476,19.23961134949948,2016,0
4,Greater Western Sydney,1.0,1.0,0.38685,0.83095,0.4469,0.2213,24.980615127573984,2016,0
5,Adelaide,1.0,0.8027,0.0,0.3535,0.1312,0.07205,26.195803096876137,2016,0
6,West Coast,1.0,0.7842,0.0,0.2105,0.0673,0.02,21.194771287902856,2016,0
7,Western Bulldogs,1.0,0.2158,0.0,0.0517,0.0167,0.0053,9.952630229260658,2016,1
8,North Melbourne,1.0,0.1973,0.0,0.0545,0.0108,0.0045,6.569361428086353,2016,0
1,Adelaide,1.0,1.0,0.7004,0.9113,0.61445,0.38575,24.469570703048777,2017,0
2,Geelong,1.0,1.0,0.65385,0.85675,0.4232,0.2039,14.77897039046452,2017,0
3,Richmond,1.0,1.0,0.34615,0.6917,0.24875,0.0902,5.967370671927943,2017,1
4,Greater Western Sydney,1.0,1.0,0.2996,0.66165,0.3492,0.1522,13.697803793209166,2017,0
5,Port Adelaide,1.0,0.7197,0.0,0.3498,0.13825,0.07155,15.073748021465814,2017,0
6,Sydney,1.0,0.7829,0.0,0.37715,0.1891,0.0825,18.225732645273865,2017,0
7,Essendon,1.0,0.2171,0.0,0.0499,0.01455,0.0038,-3.429632458812423,2017,0
8,West Coast,1.0,0.2803,0.0,0.10175,0.0225,0.0101,7.281630087850997,2017,0
1,Richmond,1.0,1.0,0.6039,0.88125,0.4855,0.3126,20.109783150485036,2018,0
2,West Coast,1.0,1.0,0.635,0.8407,0.46535,0.17915,11.333107168845808,2018,1
3,Collingwood,1.0,1.0,0.365,0.61405,0.2904,0.14015,9.815232325709353,2018,0
4,Hawthorn,1.0,1.0,0.3961,0.73455,0.3114,0.13645,8.48354807327682,2018,0
5,Melbourne,1.0,0.4645,0.0,0.24855,0.13605,0.07835,16.45078882642843,2018,0
6,Sydney,1.0,0.46675,0.0,0.1799,0.06675,0.0243,10.10777828992209,2018,0
7,Greater Western Sydney,1.0,0.53325,0.0,0.2043,0.07825,0.03005,10.275320337326104,2018,0
8,Geelong,1.0,0.5355,0.0,0.2967,0.1663,0.09895,16.714566389820494,2018,0
1,Geelong,1.0,1.0,0.59795,0.86645,0.5614,0.3541,18.86850486223126,2019,0
2,Brisbane Lions,1.0,1.0,0.4952,0.804,0.35015,0.13425,5.956751947398855,2019,0
3,Richmond,1.0,1.0,0.5048,0.82385,0.39565,0.19455,10.231794369178257,2019,1
4,Collingwood,1.0,1.0,0.40205,0.74475,0.41095,0.1939,10.295203176721259,2019,0
5,West Coast,1.0,0.7375,0.0,0.2746,0.08,0.04115,8.896380933670686,2019,0
6,Greater Western Sydney,1.0,0.6328,0.0,0.2519,0.11355,0.04805,8.934329563599306,2019,0
7,Western Bulldogs,1.0,0.3672,0.0,0.1369,0.0537,0.01985,1.648379753868706,2019,0
8,Essendon,1.0,0.2625,0.0,0.09755,0.0346,0.01415,-1.0285693283685002,2019,0
1,Port Adelaide,1.0,1.0,0.5443,0.86175,0.4834,0.22985,10.177115918919643,2020,0
2,Brisbane Lions,1.0,1.0,0.5424,0.8246,0.40535,0.16325,7.151154645092025,2020,0
3,Richmond,1.0,1.0,0.4576,0.80085,0.40885,0.2212,11.006434332968634,2020,1
4,Geelong,1.0,1.0,0.4557,0.82135,0.4705,0.2831,14.458734474804661,2020,0
5,West Coast,1.0,0.62455,0.0,0.22555,0.06835,0.0327,6.230008090918605,2020,0
6,St Kilda,1.0,0.5637,0.0,0.1792,0.06135,0.02405,2.557254642026054,2020,0
7,Western Bulldogs,1.0,0.4363,0.0,0.1377,0.04825,0.0192,2.9601501220412234,2020,0
8,Collingwood,1.0,0.37545,0.0,0.149,0.05395,0.02665,6.015148634234278,2020,0
1,Melbourne,1.0,1.0,0.52685,0.83975,0.40805,0.2118,13.44418370584632,2021,1
2,Port Adelaide,1.0,1.0,0.55005,0.8198,0.43315,0.19015,13.474122489105277,2021,0
3,Geelong,1.0,1.0,0.44995,0.74625,0.3953,0.21335,15.031448969386036,2021,0
4,Brisbane Lions,1.0,1.0,0.47315,0.83815,0.46295,0.25015,16.9037947007695,2021,0
5,Western Bulldogs,1.0,0.6309,0.0,0.30445,0.14575,0.07975,15.01132572551941,2021,0
6,Sydney,1.0,0.57545,0.0,0.20535,0.07655,0.02665,8.315129922501255,2021,0
7,Greater Western Sydney,1.0,0.42455,0.0,0.11675,0.0331,0.009,0.614609622727395,2021,0
8,Essendon,1.0,0.3691,0.0,0.1295,0.04515,0.01915,2.8495773904663526,2021,0
1,Geelong,1.0,1.0,0.797,0.9356,0.616,0.403,22.44945818659135,2022,1
2,Melbourne,1.0,1.0,0.64605,0.8816,0.53115,0.2652,18.132859023418625,2022,0
3,Sydney,1.0,1.0,0.35395,0.7581,0.3718,0.15265,14.076153450236708,2022,0
4,Collingwood,1.0,1.0,0.203,0.53885,0.1615,0.0499,0.7867504255560636,2022,0
5,Fremantle,1.0,0.43855,0.0,0.16975,0.0602,0.0253,5.5054380845415345,2022,0
6,Brisbane Lions,1.0,0.63805,0.0,0.33305,0.129,0.0486,14.535890570334864,2022,0
7,Richmond,1.0,0.36195,0.0,0.1925,0.0674,0.02515,11.4258663125577,2022,0
8,Western Bulldogs,1.0,0.56145,0.0,0.19055,0.06295,0.0302,9.15460519579224,2022,0
1,Collingwood,1.0,1.0,0.486,0.8331,0.4486,0.2617,14.471222090236001,2023,1
2,Brisbane Lions,1.0,1.0,0.70895,0.92605,0.574,0.2306,15.967728002410007,2023,0
3,Port Adelaide,1.0,1.0,0.29105,0.7549,0.31485,0.1275,9.530108925705623,2023,0
4,Melbourne,1.0,1.0,0.514,0.857,0.4775,0.2958,16.585610785711715,2023,0
5,Carlton,1.0,0.6367,0.0,0.1974,0.07975,0.0423,7.281191661012777,2023,0
6,St Kilda,1.0,0.68495,0.0,0.24355,0.0592,0.0211,4.112724207541749,2023,0
7,Greater Western Sydney,1.0,0.31505,0.0,0.06635,0.01405,0.00335,2.3062823960760737,2023,0
8,Sydney,1.0,0.3633,0.0,0.12165,0.03205,0.01765,9.729835476016564,2023,0
1,Sydney,1.0,1.0,0.629,0.8668,0.5332,0.31825,16.556102204084105,2024,0
2,Port Adelaide,1.0,1.0,0.5865,0.82155,0.4177,0.16745,8.637306021525523,2024,0
3,Geelong,1.0,1.0,0.4135,0.73045,0.3391,0.168,9.53534830076633,2024,0
4,Greater Western Sydney,1.0,1.0,0.371,0.71705,0.3412,0.1495,7.6115269828266925,2024,0
5,Brisbane Lions,1.0,0.67485,0.0,0.31365,0.1302,0.07775,14.519542316771945,2024,1
6,Western Bulldogs,1.0,0.62485,0.0,0.28205,0.13905,0.0708,13.932647649724098,2024,0
7,Hawthorn,1.0,0.37515,0.0,0.1341,0.05235,0.02245,5.949908258089391,2024,0
8,Carlton,1.0,0.32515,0.0,0.13435,0.0472,0.0258,6.850639108498859,2024,0
1,Adelaide,1.0,1.0,0.63425,0.88795,0.50015,0.2554,18.451894088951587,2025,0
2,Geelong,1.0,1.0,0.6746,0.89735,0.56795,0.32615,22.452413833857882,2025,0
3,Brisbane Lions,1.0,1.0,0.3254,0.7195,0.34045,0.1411,13.444181165259549,2025,1
4,Collingwood,1.0,1.0,0.36575,0.76635,0.3452,0.16835,13.219048870417579,2025,0
5,Greater Western Sydney,1.0,0.53085,0.0,0.195,0.0696,0.03025,10.948822468101778,2025,0
6,Fremantle,1.0,0.5041,0.0,0.15215,0.037,0.0116,5.092822356241928,2025,0
7,Gold Coast,1.0,0.4959,0.0,0.19355,0.06605,0.027,12.419012648696379,2025,0
8,Hawthorn,1.0,0.46915,0.0,0.18815,0.0736,0.04015,14.053628643263668,2025,0
