season,team,pts_diff,shot_diff,future_margin
2015,Adelaide,10.9,3.4,16.09090909090909
2015,Brisbane Lions,-38.72727272727273,-9.181818181818182,-29.363636363636363
2015,Carlton,-34.63636363636363,-7.818181818181818,-40.72727272727273
2015,Collingwood,23.727272727272727,5.090909090909091,-13.181818181818182
2015,Essendon,-10.909090909090908,-3.1818181818181817,-39.45454545454545
2015,Fremantle,24.363636363636363,5.2727272727272725,2.272727272727273
2015,Geelong,-1.6,-4.1,3.272727272727273
2015,Gold Coast,-34.45454545454545,-7.636363636363637,-20.727272727272727
2015,Greater Western Sydney,6.090909090909091,2.909090909090909,-7.818181818181818
2015,Hawthorn,38.0,9.818181818181818,44.18181818181818
2015,Melbourne,-24.727272727272727,-4.7272727272727275,-18.09090909090909
2015,North Melbourne,-8.818181818181818,-2.0,20.181818181818183
2015,Port Adelaide,-1.7272727272727273,-1.2727272727272727,13.363636363636363
2015,Richmond,6.2727272727272725,0.8181818181818182,26.636363636363637
2015,St Kilda,-20.727272727272727,-5.2727272727272725,-21.727272727272727
2015,Sydney,25.09090909090909,4.636363636363637,13.818181818181818
2015,West Coast,38.18181818181818,9.545454545454545,30.727272727272727
2015,Western Bulldogs,3.6363636363636362,2.727272727272727,21.454545454545453
2016,Adelaide,24.363636363636363,3.909090909090909,38.18181818181818
2016,Brisbane Lions,-46.72727272727273,-8.090909090909092,-53.45454545454545
2016,Carlton,-12.090909090909092,-3.4545454545454546,-25.181818181818183
2016,Collingwood,-12.454545454545455,-2.0,4.454545454545454
2016,Essendon,-43.72727272727273,-9.636363636363637,-39.81818181818182
2016,Fremantle,-22.181818181818183,-5.363636363636363,-27.363636363636363
2016,Geelong,29.181818181818183,9.636363636363637,32.72727272727273
2016,Gold Coast,-34.90909090909091,-9.454545454545455,-10.090909090909092
2016,Greater Western Sydney,26.90909090909091,5.545454545454546,38.27272727272727
2016,Hawthorn,8.090909090909092,3.5454545454545454,22.272727272727273
2016,Melbourne,4.909090909090909,-1.4545454545454546,-9.181818181818182
2016,North Melbourne,24.181818181818183,4.181818181818182,-15.363636363636363
2016,Port Adelaide,10.545454545454545,1.4545454545454546,0.0
2016,Richmond,-18.454545454545453,-3.0,-21.727272727272727
2016,St Kilda,-17.272727272727273,-4.090909090909091,9.272727272727273
2016,Sydney,32.27272727272727,6.363636363636363,36.09090909090909
2016,West Coast,25.272727272727273,4.818181818181818,20.454545454545453
2016,Western Bulldogs,22.09090909090909,7.090909090909091,0.45454545454545453
2017,Adelaide,33.0,8.454545454545455,25.09090909090909
2017,Brisbane Lions,-34.81818181818182,-10.727272727272727,-24.181818181818183
2017,Carlton,-17.636363636363637,-4.454545454545454,-22.727272727272727
2017,Collingwood,2.0,2.909090909090909,-3.727272727272727
2017,Essendon,-3.4545454545454546,-3.4545454545454546,15.363636363636363
2017,Fremantle,-17.727272727272727,-4.090909090909091,-32.54545454545455
2017,Geelong,15.636363636363637,1.5454545454545454,13.090909090909092
2017,Gold Coast,-12.272727272727273,-1.8181818181818181,-38.18181818181818
2017,Greater Western Sydney,15.454545454545455,3.6363636363636362,9.0
2017,Hawthorn,-24.363636363636363,-6.181818181818182,7.0
2017,Melbourne,9.909090909090908,1.7272727272727273,-0.7272727272727273
2017,North Melbourne,-6.181818181818182,-1.6363636363636365,-19.363636363636363
2017,Port Adelaide,25.727272727272727,7.090909090909091,19.454545454545453
2017,Richmond,9.272727272727273,2.909090909090909,18.727272727272727
2017,St Kilda,-6.545454545454546,1.1818181818181819,1.0
2017,Sydney,4.2727272727272725,1.0909090909090908,35.90909090909091
2017,West Coast,1.2727272727272727,-1.0,8.363636363636363
2017,Western Bulldogs,2.0,2.4545454545454546,-7.090909090909091
2018,Adelaide,5.7272727272727275,0.2727272727272727,1.1818181818181819
2018,Brisbane Lions,-20.454545454545453,-4.545454545454546,0.09090909090909091
2018,Carlton,-37.27272727272727,-8.636363636363637,-47.18181818181818
2018,Collingwood,12.545454545454545,3.4545454545454546,19.0
2018,Essendon,-11.454545454545455,-3.272727272727273,20.0
2018,Fremantle,-16.90909090909091,-4.181818181818182,-27.181818181818183
2018,Geelong,19.272727272727273,2.0,25.363636363636363
2018,Gold Coast,-37.45454545454545,-11.090909090909092,-42.0
2018,Greater Western Sydney,-0.09090909090909091,2.1818181818181817,21.636363636363637
2018,Hawthorn,3.909090909090909,0.2727272727272727,26.09090909090909
2018,Melbourne,30.90909090909091,6.818181818181818,19.09090909090909
2018,North Melbourne,17.90909090909091,2.909090909090909,-3.3636363636363638
2018,Port Adelaide,6.2727272727272725,3.090909090909091,5.181818181818182
2018,Richmond,29.454545454545453,9.909090909090908,22.272727272727273
2018,St Kilda,-26.90909090909091,-5.545454545454546,-20.272727272727273
2018,Sydney,13.545454545454545,1.2727272727272727,0.8181818181818182
2018,West Coast,25.181818181818183,5.636363636363637,7.090909090909091
2018,Western Bulldogs,-22.727272727272727,-2.727272727272727,-19.272727272727273
2019,Adelaide,7.818181818181818,0.5454545454545454,-6.454545454545454
2019,Brisbane Lions,4.181818181818182,2.3636363636363638,24.0
2019,Carlton,-23.181818181818183,-6.363636363636363,-3.727272727272727
2019,Collingwood,17.90909090909091,4.7272727272727275,7.909090909090909
2019,Essendon,2.1818181818181817,-0.09090909090909091,-9.636363636363637
2019,Fremantle,6.363636363636363,0.45454545454545453,-19.0
2019,Geelong,30.636363636363637,3.8181818181818183,16.818181818181817
2019,Gold Coast,-25.90909090909091,-5.909090909090909,-54.18181818181818
2019,Greater Western Sydney,27.545454545454547,7.090909090909091,-4.181818181818182
2019,Hawthorn,0.9090909090909091,-0.9090909090909091,11.818181818181818
2019,Melbourne,-20.272727272727273,-2.090909090909091,-18.454545454545453
2019,North Melbourne,-8.090909090909092,-2.1818181818181817,7.181818181818182
2019,Port Adelaide,8.545454545454545,3.5454545454545454,-0.18181818181818182
2019,Richmond,1.0909090909090908,1.0909090909090908,19.636363636363637
2019,St Kilda,-12.454545454545455,-0.18181818181818182,-16.272727272727273
2019,Sydney,-13.636363636363637,-4.545454545454546,10.0
2019,West Coast,6.636363636363637,-2.0,12.545454545454545
2019,Western Bulldogs,-10.272727272727273,0.6363636363636364,22.181818181818183
2020,Adelaide,-30.875,-7.75,-23.333333333333332
2020,Brisbane Lions,10.625,5.625,16.77777777777778
2020,Carlton,2.0,1.375,-8.555555555555555
2020,Collingwood,8.375,4.0,1.8888888888888888
2020,Essendon,-7.75,-2.125,-20.555555555555557
2020,Fremantle,-12.0,-4.5,4.222222222222222
2020,Geelong,13.0,3.625,25.333333333333332
2020,Gold Coast,4.5,0.125,-15.444444444444445
2020,Greater Western Sydney,-0.125,-1.375,-5.0
2020,Hawthorn,-14.125,-2.25,-8.555555555555555
2020,Melbourne,-6.375,-2.0,14.222222222222221
2020,North Melbourne,-14.625,-4.625,-25.555555555555557
2020,Port Adelaide,19.125,6.625,18.11111111111111
2020,Richmond,5.375,2.875,24.22222222222222
2020,St Kilda,10.375,0.375,8.777777777777779
2020,Sydney,-10.875,-3.375,-11.11111111111111
2020,West Coast,8.5,1.0,10.11111111111111
2020,Western Bulldogs,0.625,0.0,7.111111111111111
2021,Adelaide,-14.363636363636363,-3.4545454545454546,-17.90909090909091
2021,Brisbane Lions,23.90909090909091,5.2727272727272725,24.454545454545453
2021,Carlton,-5.545454545454546,-0.5454545454545454,-15.0
2021,Collingwood,-11.272727272727273,-1.2727272727272727,-12.454545454545455
2021,Essendon,5.545454545454546,1.0,9.272727272727273
2021,Fremantle,-8.363636363636363,1.1818181818181819,-14.090909090909092
2021,Geelong,20.181818181818183,3.3636363636363638,15.181818181818182
2021,Gold Coast,-5.818181818181818,-1.7272727272727273,-33.54545454545455
2021,Greater Western Sydney,-5.7272727272727275,-1.6363636363636365,5.2727272727272725
2021,Hawthorn,-24.454545454545453,-6.2727272727272725,-1.2727272727272727
2021,Melbourne,25.0,7.7272727272727275,15.454545454545455
2021,North Melbourne,-44.90909090909091,-10.818181818181818,-11.181818181818182
2021,Port Adelaide,16.454545454545453,1.9090909090909092,19.181818181818183
2021,Richmond,2.0,0.18181818181818182,-5.363636363636363
2021,St Kilda,-21.727272727272727,-3.5454545454545454,7.909090909090909
2021,Sydney,10.272727272727273,-0.18181818181818182,19.727272727272727
2021,West Coast,5.454545454545454,-0.45454545454545453,-17.09090909090909
2021,Western Bulldogs,33.36363636363637,9.272727272727273,11.454545454545455
2022,Adelaide,-20.818181818181817,-3.5454545454545454,-3.272727272727273
2022,Brisbane Lions,30.363636363636363,4.909090909090909,1.2727272727272727
2022,Carlton,10.454545454545455,2.727272727272727,2.5454545454545454
2022,Collingwood,2.4545454545454546,1.5454545454545454,4.454545454545454
2022,Essendon,-25.727272727272727,-5.2727272727272725,-6.090909090909091
2022,Fremantle,19.09090909090909,5.0,3.909090909090909
2022,Geelong,20.363636363636363,7.636363636363637,39.45454545454545
2022,Gold Coast,1.1818181818181819,-0.18181818181818182,3.4545454545454546
2022,Greater Western Sydney,-12.181818181818182,-2.6363636363636362,-14.727272727272727
2022,Hawthorn,-12.454545454545455,-3.3636363636363638,-6.090909090909091
2022,Melbourne,29.09090909090909,8.181818181818182,12.090909090909092
2022,North Melbourne,-49.90909090909091,-13.090909090909092,-46.45454545454545
2022,Port Adelaide,3.4545454545454546,1.1818181818181819,11.818181818181818
2022,Richmond,14.545454545454545,0.9090909090909091,20.454545454545453
2022,St Kilda,16.636363636363637,3.0,-17.727272727272727
2022,Sydney,15.0,2.272727272727273,26.0
2022,West Coast,-58.36363636363637,-14.272727272727273,-28.90909090909091
2022,Western Bulldogs,16.818181818181817,5.0,-2.1818181818181817
2023,Adelaide,7.090909090909091,0.7272727272727273,19.833333333333332
2023,Brisbane Lions,19.454545454545453,5.363636363636363,16.25
2023,Carlton,-2.6363636363636362,1.0,21.166666666666668
2023,Collingwood,22.818181818181817,4.181818181818182,17.0
2023,Essendon,6.545454545454546,0.6363636363636364,-23.666666666666668
2023,Fremantle,1.9090909090909092,-0.36363636363636365,-7.0
2023,Geelong,15.181818181818182,4.2727272727272725,5.5
2023,Gold Coast,-2.272727272727273,-0.9090909090909091,-11.833333333333334
2023,Greater Western Sydney,-11.727272727272727,-4.454545454545454,21.833333333333332
2023,Hawthorn,-21.272727272727273,-3.5454545454545454,-15.083333333333334
2023,Melbourne,25.545454545454547,4.181818181818182,11.5
2023,North Melbourne,-34.72727272727273,-8.363636363636363,-23.25
2023,Port Adelaide,9.454545454545455,5.363636363636363,11.583333333333334
2023,Richmond,-1.2727272727272727,-1.7272727272727273,-9.416666666666666
2023,St Kilda,11.454545454545455,1.4545454545454546,0.16666666666666666
2023,Sydney,1.0,1.4545454545454546,14.666666666666666
2023,West Coast,-51.54545454545455,-11.545454545454545,-57.416666666666664
2023,Western Bulldogs,5.0,2.272727272727273,8.166666666666666
2024,Adelaide,9.636363636363637,-0.8181818181818182,-10.25
2024,Brisbane Lions,8.727272727272727,4.181818181818182,23.916666666666668
2024,Carlton,4.363636363636363,2.090909090909091,12.583333333333334
2024,Collingwood,5.7272727272727275,3.4545454545454546,-1.25
2024,Essendon,3.5454545454545454,-0.09090909090909091,-14.25
2024,Fremantle,7.363636363636363,1.9090909090909092,10.666666666666666
2024,Geelong,9.0,1.2727272727272727,11.416666666666666
2024,Gold Coast,6.818181818181818,2.727272727272727,-7.75
2024,Greater Western Sydney,11.636363636363637,0.7272727272727273,3.5
2024,Hawthorn,-15.272727272727273,-2.090909090909091,41.25
2024,Melbourne,11.909090909090908,2.8181818181818183,-13.166666666666666
2024,North Melbourne,-52.09090909090909,-14.363636363636363,-29.833333333333332
2024,Port Adelaide,13.545454545454545,5.818181818181818,9.166666666666666
2024,Richmond,-39.45454545454545,-8.545454545454545,-35.416666666666664
2024,St Kilda,-7.545454545454546,-2.5454545454545454,6.083333333333333
2024,Sydney,34.36363636363637,5.7272727272727275,7.916666666666667
2024,West Coast,-28.545454545454547,-7.181818181818182,-35.916666666666664
2024,Western Bulldogs,16.272727272727273,4.909090909090909,21.333333333333332
2025,Adelaide,23.727272727272727,3.727272727272727,31.833333333333332
2025,Brisbane Lions,10.272727272727273,2.5454545454545454,12.0
2025,Carlton,2.1818181818181817,1.7272727272727273,-7.166666666666667
2025,Collingwood,22.90909090909091,6.545454545454546,9.333333333333334
2025,Essendon,-13.636363636363637,-3.6363636363636362,-43.666666666666664
2025,Fremantle,4.545454545454546,1.8181818181818181,9.416666666666666
2025,Geelong,18.0,3.0,42.75
2025,Gold Coast,21.272727272727273,5.818181818181818,16.583333333333332
2025,Greater Western Sydney,7.818181818181818,0.09090909090909091,16.166666666666668
2025,Hawthorn,13.636363636363637,2.727272727272727,17.0
2025,Melbourne,-9.727272727272727,-0.18181818181818182,-2.4166666666666665
2025,North Melbourne,-22.272727272727273,-6.363636363636363,-26.25
2025,Port Adelaide,-20.09090909090909,-4.181818181818182,-17.5
2025,Richmond,-29.90909090909091,-7.636363636363637,-34.916666666666664
2025,St Kilda,-9.272727272727273,-2.909090909090909,-11.333333333333334
2025,Sydney,-5.818181818181818,-0.8181818181818182,0.5833333333333334
2025,West Coast,-38.18181818181818,-9.090909090909092,-46.0
2025,Western Bulldogs,21.90909090909091,6.0,36.0
2026,Adelaide,6.545454545454546,0.6363636363636364,20.666666666666668
2026,Brisbane Lions,6.363636363636363,2.272727272727273,31.25
2026,Carlton,-13.0,-1.6363636363636365,14.333333333333334
2026,Collingwood,0.2727272727272727,-0.6363636363636364,3.6666666666666665
2026,Essendon,-31.90909090909091,-6.909090909090909,-43.75
2026,Fremantle,25.09090909090909,6.0,28.666666666666668
2026,Geelong,20.272727272727273,4.818181818181818,17.25
2026,Gold Coast,14.454545454545455,2.1818181818181817,-23.0
2026,Greater Western Sydney,-1.2727272727272727,1.0,-0.6666666666666666
2026,Hawthorn,9.090909090909092,5.0,23.25
2026,Melbourne,6.363636363636363,0.45454545454545453,11.0
2026,North Melbourne,-2.3636363636363638,-1.4545454545454546,-18.083333333333332
2026,Port Adelaide,0.7272727272727273,1.1818181818181819,-21.083333333333332
2026,Richmond,-36.63636363636363,-9.363636363636363,-40.583333333333336
2026,St Kilda,6.909090909090909,1.4545454545454546,-1.6666666666666667
2026,Sydney,32.81818181818182,5.090909090909091,26.083333333333332
2026,West Coast,-37.0,-7.0,-25.916666666666668
2026,Western Bulldogs,-6.7272727272727275,-3.090909090909091,-1.4166666666666667
