"model","round","game_id","margin_pred","prob","margin_act","home_win"
"elo",0,38494,10.4245883575487,0.762779200252101,63,1
"elo",0,38495,3.1085344555998,0.445964790272335,56,1
"elo",0,38496,8.18214432622745,0.677754492238415,27,1
"elo",0,38497,9.51421245118391,0.730200202720372,-5,0
"elo",0,38498,0.259957222846835,0.319463569089187,-12,0
"ridge",0,38494,9.79959769447438,0.616922843757181,63,1
"ridge",0,38495,-3.66062726318859,0.455769818984677,56,1
"ridge",0,38496,3.26796774681102,0.539502272356244,27,1
"ridge",0,38497,-2.49960623869949,0.46976492432419,-5,0
"ridge",0,38498,-13.7539729557953,0.338185369166399,-12,0
"bt",0,38494,9.27207764886146,0.729155740659391,63,1
"bt",0,38495,3.49899600649412,0.4718002376294,56,1
"bt",0,38496,6.46851834140307,0.611725335357734,27,1
"bt",0,38497,8.94623681499429,0.716684319123762,-5,0
"bt",0,38498,0.416275889376528,0.331359918869165,-12,0
"shots",0,38494,8.3375,0.635,63,1
"shots",0,38495,-5.985,0.43,56,1
"shots",0,38496,-3.2125,0.4725,27,1
"shots",0,38497,4.5125,0.55375,-5,0
"shots",0,38498,-19.86,0.2175,-12,0
"rf",0,38494,3.12250892857143,0.559905051952953,63,1
"rf",0,38495,-15.517626984127,0.226910329524626,56,1
"rf",0,38496,5.91848412698413,0.612444010437011,27,1
"rf",0,38497,-2.50815277777778,0.45181678946668,-5,0
"rf",0,38498,10.6949236111111,0.697163949368424,-12,0
"xgb",0,38494,7.322096824646,0.587709479644608,63,1
"xgb",0,38495,1.63206803798676,0.519702317544553,56,1
"xgb",0,38496,2.35770988464355,0.528449685755001,27,1
"xgb",0,38497,4.01871252059937,0.548414164285313,-5,0
"xgb",0,38498,6.95665979385376,0.583398031625162,-12,0
"bayes",0,38494,9.41515148319633,0.609866199698014,63,1
"bayes",0,38495,-3.2916862133178,0.461223580566967,56,1
"bayes",0,38496,3.27048815115471,0.538589857186931,27,1
"bayes",0,38497,-1.78188805346114,0.479070150320498,-5,0
"bayes",0,38498,-13.7584165507363,0.341888479762761,-12,0
"elo",1,38499,12.0657183797112,0.813738664270515,4,1
"elo",1,38500,-3.40652584806745,0.187631400363407,-62,0
"elo",1,38501,4.7392029186293,0.520572983398688,81,1
"elo",1,38502,6.86768336204165,0.619348131351683,10,1
"elo",1,38503,4.34361698760896,0.501792751413338,44,1
"elo",1,38504,5.99559349067263,0.579585452285964,-14,0
"elo",1,38505,-1.69919257518672,0.242126657414445,46,1
"elo",1,38506,3.76283458318689,0.474226236287673,13,1
"elo",1,38507,20.6960182700114,0.95748192950375,59,1
"ridge",1,38499,18.7828160579021,0.667988771480998,4,1
"ridge",1,38500,-11.9847764936031,0.390829896119172,-62,0
"ridge",1,38501,17.1263643270443,0.653969490978167,81,1
"ridge",1,38502,13.3263314560103,0.621027744234641,10,1
"ridge",1,38503,9.09744922801104,0.583316456874924,44,1
"ridge",1,38504,7.02052227270275,0.56448672709956,-14,0
"ridge",1,38505,3.04299509525384,0.528051004520554,46,1
"ridge",1,38506,9.17034233514761,0.583974119850371,13,1
"ridge",1,38507,39.1447049264307,0.81733347661702,59,1
"bt",1,38499,10.9101780749449,0.778477238919433,4,1
"bt",1,38500,-0.243156157979842,0.308205138819429,-62,0
"bt",1,38501,5.55785920300172,0.566034342203471,81,1
"bt",1,38502,5.66970859725429,0.571114874040136,10,1
"bt",1,38503,5.38872248300457,0.558325554343129,44,1
"bt",1,38504,7.09018354339483,0.634005704516176,-14,0
"bt",1,38505,0.414987345087331,0.334778490557117,46,1
"bt",1,38506,5.66732989092149,0.571006978036238,13,1
"bt",1,38507,20.5524706770677,0.954450794160787,59,1
"shots",1,38499,29.73,0.85875,4,1
"shots",1,38500,-21.3075,0.225,-62,0
"shots",1,38501,27.065,0.81,81,1
"shots",1,38502,18.09,0.74625,10,1
"shots",1,38503,-3.5775,0.43125,44,1
"shots",1,38504,8.445,0.60875,-14,0
"shots",1,38505,-10.315,0.40125,46,1
"shots",1,38506,17.0075,0.70625,13,1
"shots",1,38507,57.48,0.9725,59,1
"rf",1,38499,15.5413371325576,0.773817794795613,4,1
"rf",1,38500,-26.4306317918193,0.100622025276147,-62,0
"rf",1,38501,42.3212817460318,0.979640737116686,81,1
"rf",1,38502,6.64792809696342,0.626065686524694,10,1
"rf",1,38503,2.141875,0.541243626554497,44,1
"rf",1,38504,-6.66913194444444,0.373545945332564,-14,0
"rf",1,38505,36.5391150793651,0.961368837427366,46,1
"rf",1,38506,4.28861755513415,0.58213952298559,13,1
"rf",1,38507,53.5372410714286,0.995183280355053,59,1
"xgb",1,38499,12.2046556472778,0.643777417933812,4,1
"xgb",1,38500,-31.4109287261963,0.171413710897138,-62,0
"xgb",1,38501,46.0959663391113,0.918049979217003,81,1
"xgb",1,38502,9.91286659240723,0.617668582461383,10,1
"xgb",1,38503,5.54546070098877,0.566499868199426,44,1
"xgb",1,38504,7.51307725906372,0.589745735805429,-14,0
"xgb",1,38505,18.7202816009521,0.714079625757626,46,1
"xgb",1,38506,4.02575349807739,0.548382442193578,13,1
"xgb",1,38507,50.0255165100098,0.934573178090021,59,1
"bayes",1,38499,10.7565038900363,0.600226135288593,4,1
"bayes",1,38500,-1.21063419016772,0.488810440143501,-62,0
"bayes",1,38501,13.2839698294902,0.623508852144981,81,1
"bayes",1,38502,9.81799819402696,0.588735956526485,10,1
"bayes",1,38503,10.259092118978,0.596791274555378,44,1
"bayes",1,38504,9.31970996840277,0.588198763792204,-14,0
"bayes",1,38505,7.11003925907486,0.567657934406291,46,1
"bayes",1,38506,7.05463177989029,0.566246943704067,13,1
"bayes",1,38507,19.5398058581108,0.671115658961358,59,1
"elo",10,38575,6.82353171073717,0.612212598168545,-41,0
"elo",10,38576,8.90195299879066,0.698439079765418,6,1
"elo",10,38577,10.0479809840475,0.741005155367529,25,1
"elo",10,38578,17.5710204704314,0.919710595151319,68,1
"elo",10,38579,-1.18259429579247,0.26508992072297,39,1
"elo",10,38580,-2.29860737551798,0.226975627188773,12,1
"elo",10,38581,-7.16057951798455,0.106977002095917,-43,0
"elo",10,38582,14.0357282201385,0.856500820245952,36,1
"elo",10,38583,-7.56597665958472,0.10004251659602,17,1
"ridge",10,38575,9.99450002671604,0.615708224675459,-41,0
"ridge",10,38576,25.6983527408465,0.775335464482779,6,1
"ridge",10,38577,21.788906350982,0.739382812380493,25,1
"ridge",10,38578,28.5583177582735,0.79974999621961,68,1
"ridge",10,38579,-13.255629836442,0.348182275908715,39,1
"ridge",10,38580,-15.0618682840488,0.328735875679257,12,1
"ridge",10,38581,-26.1649103207327,0.220570160713062,-43,0
"ridge",10,38582,37.7822523954761,0.866989406139123,36,1
"ridge",10,38583,-26.6706318749635,0.216180769045699,17,1
"bt",10,38575,7.03572110919981,0.663038643249496,-41,0
"bt",10,38576,10.0932862197577,0.759953283743434,6,1
"bt",10,38577,15.9151187040576,0.886745660756866,25,1
"bt",10,38578,13.4998932578519,0.843204886823994,68,1
"bt",10,38579,1.72569063775663,0.462811162882431,39,1
"bt",10,38580,-3.71479426225242,0.269882975721809,12,1
"bt",10,38581,-10.1301920777672,0.119936114075007,-43,0
"bt",10,38582,13.6506444290319,0.846279948852056,36,1
"bt",10,38583,-3.90990475940625,0.263945232790778,17,1
"shots",10,38575,10.835,0.64625,-41,0
"shots",10,38576,17.0725,0.69875,6,1
"shots",10,38577,16.775,0.68,25,1
"shots",10,38578,27.1425,0.79,68,1
"shots",10,38579,-17.82,0.26125,39,1
"shots",10,38580,-7.6225,0.3975,12,1
"shots",10,38581,-27.94,0.175,-43,0
"shots",10,38582,40.75,0.9175,36,1
"shots",10,38583,-25.065,0.21625,17,1
"rf",10,38575,12.3159503968254,0.724698771300981,-41,0
"rf",10,38576,32.6970982142857,0.943468207699161,6,1
"rf",10,38577,2.1111903998779,0.540745823613006,25,1
"rf",10,38578,-2.63300099206349,0.449232399835825,68,1
"rf",10,38579,-10.4567802193875,0.306162247397991,39,1
"rf",10,38580,6.89842361111111,0.630928132638766,12,1
"rf",10,38581,-19.7857192460317,0.168814951722975,-43,0
"rf",10,38582,36.4210556903006,0.961221743107283,36,1
"rf",10,38583,-33.2412228487886,0.05359622890109,17,1
"xgb",10,38575,11.5007295608521,0.635873549463313,-41,0
"xgb",10,38576,36.4721031188965,0.864739798436462,6,1
"xgb",10,38577,-1.448446393013,0.482548150661197,25,1
"xgb",10,38578,8.71753025054932,0.603866057657442,68,1
"xgb",10,38579,-8.92184734344482,0.393757294617722,39,1
"xgb",10,38580,9.80904388427734,0.616515808109801,12,1
"xgb",10,38581,-20.2810554504395,0.270032593453007,-43,0
"xgb",10,38582,35.5025520324707,0.858268772191428,36,1
"xgb",10,38583,-24.7561111450195,0.227256894477438,17,1
"bayes",10,38575,10.3844916485325,0.615002677536263,-41,0
"bayes",10,38576,24.887568390772,0.758302313854245,6,1
"bayes",10,38577,21.2238973242006,0.722758671430411,25,1
"bayes",10,38578,26.7072939190518,0.774766974565708,68,1
"bayes",10,38579,-12.0096552518503,0.367144762104167,39,1
"bayes",10,38580,-13.4177702439064,0.35204971533174,12,1
"bayes",10,38581,-22.610077039491,0.265242911363352,-43,0
"bayes",10,38582,34.8979272575327,0.835551121338939,36,1
"bayes",10,38583,-22.7373070750766,0.264057453201137,17,1
"elo",11,38584,5.82469135591775,0.566859710746139,9,1
"elo",11,38585,2.94278060857711,0.438987899701137,18,1
"elo",11,38586,14.9602154123105,0.869826251390375,30,1
"elo",11,38587,-3.14423405994917,0.208896321376976,6,1
"elo",11,38588,7.11556924372758,0.622324658255607,27,1
"elo",11,38589,20.2794643261928,0.945252701026644,10,1
"elo",11,38590,7.75608951735026,0.64879291736277,-34,0
"elo",11,38591,3.78851992361961,0.476433579010153,78,1
"elo",11,38592,8.639346049487,0.683816771177787,3,1
"ridge",11,38584,7.9276429449634,0.592463964555495,9,1
"ridge",11,38585,-7.91218036570071,0.40771312786041,18,1
"ridge",11,38586,19.4837058717459,0.717294919470285,30,1
"ridge",11,38587,-10.581030070497,0.377455581900634,6,1
"ridge",11,38588,10.175841717853,0.617993806977127,27,1
"ridge",11,38589,47.5526532138668,0.919682237325806,10,1
"ridge",11,38590,13.3463811126556,0.653119356307275,-34,0
"ridge",11,38591,-5.96694311607692,0.430130612682639,78,1
"ridge",11,38592,9.04006192987083,0.605152739043298,3,1
"bt",11,38584,10.3122091225007,0.761449225839514,9,1
"bt",11,38585,4.9880789594473,0.604093585405911,18,1
"bt",11,38586,13.1030991531455,0.824558940624298,30,1
"bt",11,38587,-2.06688149485249,0.364592626705166,6,1
"bt",11,38588,5.06942552825929,0.606787492268642,27,1
"bt",11,38589,12.9456658136261,0.821379283655813,10,1
"bt",11,38590,7.24006752671929,0.675846089005412,-34,0
"bt",11,38591,1.77116923215445,0.494147148347064,78,1
"bt",11,38592,6.75790981798136,0.661033867840879,3,1
"shots",11,38584,18.8325,0.73625,9,1
"shots",11,38585,-9.29,0.37125,18,1
"shots",11,38586,20.67,0.74625,30,1
"shots",11,38587,-14.98,0.32625,6,1
"shots",11,38588,12.5775,0.65375,27,1
"shots",11,38589,45.695,0.93375,10,1
"shots",11,38590,7.5775,0.6,-34,0
"shots",11,38591,-9.2875,0.36875,78,1
"shots",11,38592,14.5025,0.66875,3,1
"rf",11,38584,7.67600396825397,0.64540114102511,9,1
"rf",11,38585,1.46128273809524,0.528299330439612,18,1
"rf",11,38586,2.62758928571429,0.550790882995957,30,1
"rf",11,38587,-4.46219282106782,0.414184905838431,6,1
"rf",11,38588,15.8025109126984,0.778683621420254,27,1
"rf",11,38589,23.1650069444444,0.869802329124608,10,1
"rf",11,38590,15.7771666666667,0.778317610339285,-34,0
"rf",11,38591,4.98087996031746,0.595607168169627,78,1
"rf",11,38592,-23.7888258928571,0.123888635267219,3,1
"xgb",11,38584,3.99276304244995,0.547994786291721,9,1
"xgb",11,38585,0.770994782447815,0.509289330039307,18,1
"xgb",11,38586,2.78797221183777,0.533554257391701,30,1
"xgb",11,38587,-6.169105052948,0.426092735611008,6,1
"xgb",11,38588,17.0366706848145,0.696574229015759,27,1
"xgb",11,38589,22.0890312194824,0.747669351718188,10,1
"xgb",11,38590,17.7881412506104,0.704459487548091,-34,0
"xgb",11,38591,1.9813836812973,0.523860613869461,78,1
"xgb",11,38592,-23.125659942627,0.242437374999845,3,1
"bayes",11,38584,8.40070885688286,0.594589503712633,9,1
"bayes",11,38585,-6.90549446646809,0.422422118325061,18,1
"bayes",11,38586,19.1847113589182,0.705085829427817,30,1
"bayes",11,38587,-9.15100421052211,0.397516267245882,6,1
"bayes",11,38588,10.3465090519907,0.615279918104923,27,1
"bayes",11,38589,44.0701801711017,0.891529221476363,10,1
"bayes",11,38590,12.6734191963452,0.640716506750441,-34,0
"bayes",11,38591,-4.55473697203007,0.448965575557093,78,1
"bayes",11,38592,7.61444677204637,0.585241869129717,3,1
"elo",12,38593,-0.804958700165987,0.291416624543245,-52,0
"elo",12,38594,-4.15703604993637,0.186746214456193,4,1
"elo",12,38595,21.9333802792964,0.955412246390769,114,1
"elo",12,38596,3.4149591080439,0.461363277028267,-25,0
"elo",12,38597,5.6251999193012,0.557101813724414,4,1
"elo",12,38598,2.02303907843902,0.402069562764011,-49,0
"elo",12,38599,4.12952118784271,0.492344428878651,30,1
"ridge",12,38593,-5.58015033933692,0.435043333010542,-52,0
"ridge",12,38594,-20.8399417749428,0.270666983335755,4,1
"ridge",12,38595,61.5683491185971,0.964423855683869,114,1
"ridge",12,38596,2.86874250738366,0.533503531089778,-25,0
"ridge",12,38597,4.46675522658297,0.55207910159121,4,1
"ridge",12,38598,8.08831161843842,0.593694878983154,-49,0
"ridge",12,38599,0.776168510862806,0.509074632297568,30,1
"bt",12,38593,1.38237586224384,0.483607202057877,-52,0
"bt",12,38594,-3.43774202740754,0.30822719772968,4,1
"bt",12,38595,20.0424682351838,0.943219274797448,114,1
"bt",12,38596,-0.492357415567425,0.41228947405145,-25,0
"bt",12,38597,6.68452792386148,0.679509163436212,4,1
"bt",12,38598,9.63389717590923,0.769598002588007,-49,0
"bt",12,38599,6.27209852575914,0.66551246790515,30,1
"shots",12,38593,-7.685,0.40625,-52,0
"shots",12,38594,-17.09,0.2825,4,1
"shots",12,38595,58.74,0.95375,114,1
"shots",12,38596,5.165,0.5675,-25,0
"shots",12,38597,6.27,0.5925,4,1
"shots",12,38598,10.3775,0.63,-49,0
"shots",12,38599,3.005,0.54625,30,1
"rf",12,38593,18.9821939608787,0.821533851014245,-52,0
"rf",12,38594,-5.46866874098124,0.395350523842172,4,1
"rf",12,38595,33.9796775793651,0.950433382458617,114,1
"rf",12,38596,-16.538816468254,0.211089528059385,-25,0
"rf",12,38597,-12.2314461580087,0.276388089535003,4,1
"rf",12,38598,1.67038095238095,0.532305022609073,-49,0
"rf",12,38599,4.80752083333333,0.592241266346263,30,1
"xgb",12,38593,8.92866516113281,0.606319299147806,-52,0
"xgb",12,38594,-14.5768709182739,0.329833450113768,4,1
"xgb",12,38595,35.4009628295898,0.857572664632462,114,1
"xgb",12,38596,-11.4567699432373,0.364628669140018,-25,0
"xgb",12,38597,-13.0149259567261,0.347091009054935,4,1
"xgb",12,38598,9.59501838684082,0.614041903398491,-49,0
"xgb",12,38599,11.7774591445923,0.639005482845587,30,1
"bayes",12,38593,-4.74913363036284,0.446347679580145,-52,0
"bayes",12,38594,-18.0356427488398,0.30640117732511,4,1
"bayes",12,38595,56.3539573102544,0.940860398937411,114,1
"bayes",12,38596,3.27859292416714,0.536179123513589,-25,0
"bayes",12,38597,3.48064125874282,0.539313181810289,4,1
"bayes",12,38598,7.71964898792419,0.585758382247529,-49,0
"bayes",12,38599,2.15156497832443,0.524302085505092,30,1
"elo",13,38600,4.80707728225974,0.520583777674891,1,1
"elo",13,38601,7.68824365223092,0.643984023059985,-6,0
"elo",13,38602,-8.7530305831758,0.0895285009112819,-124,0
"elo",13,38603,3.85189395597314,0.478313146322994,-31,0
"elo",13,38604,0.189287299623759,0.323982727580894,-6,0
"elo",13,38605,13.8204925857964,0.842752418640512,2,1
"elo",13,38606,-1.40675364708358,0.265373944416238,-5,0
"elo",13,38607,9.47078707591168,0.712677792083896,-8,0
"ridge",13,38600,2.0412536015859,0.523853619513134,1,1
"ridge",13,38601,10.7060869587821,0.623159166614421,-6,0
"ridge",13,38602,-17.9044437889854,0.299872336690109,-124,0
"ridge",13,38603,5.07243090481701,0.559092858116791,-31,0
"ridge",13,38604,-14.5865196334933,0.334499764375041,-6,0
"ridge",13,38605,33.7401636156507,0.838644570110417,2,1
"ridge",13,38606,-16.1004442555452,0.318501348237496,-5,0
"ridge",13,38607,11.7394267591753,0.634605073588412,-8,0
"bt",13,38600,3.79482529391566,0.567221912219999,1,1
"bt",13,38601,8.6857728304832,0.747483622559507,-6,0
"bt",13,38602,-5.15305150847799,0.227941862021064,-124,0
"bt",13,38603,6.5134787369891,0.673352172410222,-31,0
"bt",13,38604,3.85136161396236,0.569532264468916,-6,0
"bt",13,38605,13.2653759195228,0.863902078376871,2,1
"bt",13,38606,1.53279145430623,0.473456644865988,-5,0
"bt",13,38607,8.92617171632277,0.75496693457241,-8,0
"shots",13,38600,-1.805,0.495,1,1
"shots",13,38601,23.125,0.77625,-6,0
"shots",13,38602,-18.445,0.28625,-124,0
"shots",13,38603,1.6225,0.55125,-31,0
"shots",13,38604,-13.5075,0.3325,-6,0
"shots",13,38605,26.4275,0.8075,2,1
"shots",13,38606,-15.2125,0.30625,-5,0
"shots",13,38607,14.4875,0.69625,-8,0
"rf",13,38600,4.18728075396825,0.580441331336835,1,1
"rf",13,38601,33.3702053571429,0.947165790499626,-6,0
"rf",13,38602,-11.7454761904762,0.284513200272651,-124,0
"rf",13,38603,8.97094642857142,0.668204752812302,-31,0
"rf",13,38604,8.20755357142857,0.654665669791043,-6,0
"rf",13,38605,43.0484216269841,0.981566176188939,2,1
"rf",13,38606,-0.017504689754688,0.499661407901311,-5,0
"rf",13,38607,19.469623015873,0.82741402949071,-8,0
"xgb",13,38600,3.78432250022888,0.545420574974982,1,1
"xgb",13,38601,29.1725387573242,0.810453713226078,-6,0
"xgb",13,38602,-9.24395370483398,0.390233412831584,-124,0
"xgb",13,38603,8.8543701171875,0.605251773667853,-31,0
"xgb",13,38604,4.48193979263306,0.553746705605094,-6,0
"xgb",13,38605,24.7476272583008,0.772213335825596,2,1
"xgb",13,38606,-8.58667755126953,0.397858720987975,-5,0
"xgb",13,38607,4.6808066368103,0.556116029992108,-8,0
"bayes",13,38600,3.20399672422931,0.536112406920564,1,1
"bayes",13,38601,10.4261888605614,0.614946011511222,-6,0
"bayes",13,38602,-15.1233766886405,0.335804536040931,-124,0
"bayes",13,38603,4.83033694612952,0.554081597912181,-31,0
"bayes",13,38604,-13.0017117499379,0.358009098069189,-6,0
"bayes",13,38605,32.3758807621376,0.818719952306727,2,1
"bayes",13,38606,-14.3914279187075,0.343309745330148,-5,0
"bayes",13,38607,11.0356090782977,0.62164651855515,-8,0
"elo",14,38608,6.75038595178842,0.60857629275797,-57,0
"elo",14,38609,10.7784629362591,0.758338798750691,45,1
"elo",14,38610,14.317164880051,0.853276884956196,45,1
"elo",14,38611,8.53640497573299,0.679768749802569,1,1
"elo",14,38612,-2.22014801078115,0.245528107198729,-3,0
"elo",14,38613,-8.39803171160831,0.0997801793206319,-35,0
"elo",14,38614,1.94059978405187,0.401981722129761,8,1
"ridge",14,38608,7.61337244537913,0.587543597882296,-57,0
"ridge",14,38609,22.1071411870537,0.739691029892277,45,1
"ridge",14,38610,28.3642052099388,0.795090449508647,45,1
"ridge",14,38611,12.9715960481101,0.646887520360996,1,1
"ridge",14,38612,-16.3959531590742,0.316881731415044,-3,0
"ridge",14,38613,-37.1465981859258,0.140201980551396,-35,0
"ridge",14,38614,8.29166579170689,0.595199449355335,8,1
"bt",14,38608,7.4670193053936,0.68266432763001,-57,0
"bt",14,38609,9.95357411006634,0.754934072411621,45,1
"bt",14,38610,15.6820281108669,0.875696710429296,45,1
"bt",14,38611,9.38153736426024,0.739332231251667,1,1
"bt",14,38612,-3.75821647901464,0.298408574270416,-3,0
"bt",14,38613,-3.91910982345703,0.293567364608588,-35,0
"bt",14,38614,4.03564173977947,0.56722796787817,8,1
"shots",14,38608,3.3425,0.54625,-57,0
"shots",14,38609,26.7225,0.80625,45,1
"shots",14,38610,35.94,0.86375,45,1
"shots",14,38611,16.3225,0.72,1,1
"shots",14,38612,-10.8575,0.35875,-3,0
"shots",14,38613,-44.4975,0.08625,-35,0
"shots",14,38614,6.69,0.60375,8,1
"rf",14,38608,-9.93898412698413,0.31569785834385,-57,0
"rf",14,38609,28.3118938492064,0.914130821320262,45,1
"rf",14,38610,11.5246911375661,0.710999406789689,45,1
"rf",14,38611,-23.7142924107143,0.12616481021361,1,1
"rf",14,38612,-7.76931150793651,0.353818581783832,-3,0
"rf",14,38613,-16.9519057539683,0.206597794597086,-35,0
"rf",14,38614,4.85233134920635,0.59259531131765,8,1
"xgb",14,38608,-9.30014801025391,0.389666176648998,-57,0
"xgb",14,38609,31.053955078125,0.825253885939275,45,1
"xgb",14,38610,10.9711761474609,0.629501337652284,45,1
"xgb",14,38611,-21.3368358612061,0.260169412558705,1,1
"xgb",14,38612,5.14851808547974,0.561633259994417,-3,0
"xgb",14,38613,-23.0723323822021,0.243493439089753,-35,0
"xgb",14,38614,4.0908260345459,0.549043816813266,8,1
"bayes",14,38608,8.05280310470197,0.590001775174205,-57,0
"bayes",14,38609,20.8756482682424,0.720252839300582,45,1
"bayes",14,38610,26.0418996613895,0.766313817475128,45,1
"bayes",14,38611,12.0860222302506,0.633652466264789,1,1
"bayes",14,38612,-14.549873329256,0.341746468387496,-3,0
"bayes",14,38613,-33.1115171459352,0.179295411923064,-35,0
"bayes",14,38614,8.63431348153648,0.595655098103294,8,1
"elo",15,38615,9.46642280212306,0.716743961158981,9,1
"elo",15,38616,2.78362106580293,0.435452148965923,-16,0
"elo",15,38617,12.1501572741276,0.803048460894504,17,1
"elo",15,38618,10.3448319480226,0.747348973139629,-23,0
"elo",15,38619,11.5562542328781,0.785814564120446,26,1
"elo",15,38620,1.87718277721417,0.396330456567679,-25,0
"elo",15,38621,1.05500408779866,0.361943657667194,-22,0
"ridge",15,38615,7.1535921371502,0.58317431451118,9,1
"ridge",15,38616,3.46435424468527,0.540506284578197,-16,0
"ridge",15,38617,21.999289941714,0.740819123153168,17,1
"ridge",15,38618,18.1264515971266,0.702696176363829,-23,0
"ridge",15,38619,21.0716356638426,0.731922554188306,26,1
"ridge",15,38620,-13.2035694233997,0.349140874299615,-25,0
"ridge",15,38621,0.304316004944961,0.503564243739858,-22,0
"bt",15,38615,9.36506653828129,0.734386893488788,9,1
"bt",15,38616,3.96184446720635,0.563167689676344,-16,0
"bt",15,38617,9.4072890015175,0.735548243882725,17,1
"bt",15,38618,9.87868237565132,0.748291483695899,-23,0
"bt",15,38619,11.6934773869098,0.793438973202748,26,1
"bt",15,38620,0.63055047806967,0.446117415723512,-25,0
"bt",15,38621,1.17726327058406,0.46526319069127,-22,0
"shots",15,38615,6.805,0.61375,9,1
"shots",15,38616,-11.1425,0.35625,-16,0
"shots",15,38617,15.4675,0.69,17,1
"shots",15,38618,7.9225,0.57375,-23,0
"shots",15,38619,17.045,0.73875,26,1
"shots",15,38620,-9.57,0.365,-25,0
"shots",15,38621,6.8725,0.56125,-22,0
"rf",15,38615,7.93802095004668,0.650393586355982,9,1
"rf",15,38616,2.91529365079365,0.556421277274653,-16,0
"rf",15,38617,1.70752083333333,0.533119394543711,17,1
"rf",15,38618,14.7934186507937,0.764259010637312,-23,0
"rf",15,38619,1.29516865079365,0.525133610688039,26,1
"rf",15,38620,-6.339375,0.378824637812197,-25,0
"rf",15,38621,2.84804342185592,0.555128161220223,-22,0
"xgb",15,38615,10.8076591491699,0.627745351056023,9,1
"xgb",15,38616,-0.749750733375549,0.490981665412101,-16,0
"xgb",15,38617,9.42829608917236,0.611907932384585,17,1
"xgb",15,38618,5.93604183197021,0.571027960507735,-23,0
"xgb",15,38619,-2.80163645744324,0.466337846668228,26,1
"xgb",15,38620,-2.41777086257935,0.470941245117422,-25,0
"xgb",15,38621,5.38585710525513,0.564505326362286,-22,0
"bayes",15,38615,7.80116337460395,0.586922942995271,9,1
"bayes",15,38616,3.69443299632958,0.541874122422632,-16,0
"bayes",15,38617,21.123077526711,0.726285778248202,17,1
"bayes",15,38618,18.0298089889349,0.695063860688432,-23,0
"bayes",15,38619,19.662930582909,0.711700216021623,26,1
"bayes",15,38620,-12.1169364699172,0.365917365683122,-25,0
"bayes",15,38621,0.68447889851694,0.507940210873082,-22,0
"elo",16,38622,4.98612382329763,0.531682499208727,43,1
"elo",16,38625,10.466450978643,0.760192200089583,14,1
"elo",16,38623,16.5939561929321,0.909028234975322,53,1
"elo",16,38624,16.709619937728,0.910804571278987,34,1
"elo",16,38627,-3.04879861423941,0.201237020796239,26,1
"elo",16,38626,9.29327838919215,0.717869784786586,14,1
"elo",16,38628,14.5093894961779,0.871159240255227,51,1
"ridge",16,38622,-0.585756830967781,0.493026055203294,43,1
"ridge",16,38625,22.0712030828928,0.744961405367848,14,1
"ridge",16,38623,32.680023425754,0.835303916354565,53,1
"ridge",16,38624,44.1697078571572,0.906289985916374,34,1
"ridge",16,38627,-14.7316358929727,0.330089041647555,26,1
"ridge",16,38626,13.3913135734104,0.655298451304288,14,1
"ridge",16,38628,22.0807513762397,0.745052910649493,51,1
"bt",16,38622,3.91540232483611,0.546494809998008,43,1
"bt",16,38625,11.2375936054224,0.795357043763032,14,1
"bt",16,38623,11.6045650893634,0.804743968688484,53,1
"bt",16,38624,15.4580961757409,0.884166439194932,34,1
"bt",16,38627,-3.23012883670545,0.277632510647478,26,1
"bt",16,38626,10.9768145641787,0.788485269785267,14,1
"bt",16,38628,14.6495245642953,0.870250974938742,51,1
"shots",16,38622,7.3825,0.5725,43,1
"shots",16,38625,26.6975,0.7725,14,1
"shots",16,38623,30.555,0.87,53,1
"shots",16,38624,49.63,0.9475,34,1
"shots",16,38627,-2.5975,0.465,26,1
"shots",16,38626,15.7375,0.70625,14,1
"shots",16,38628,23.7475,0.7725,51,1
"rf",16,38622,-3.12769543650794,0.439769554357719,43,1
"rf",16,38625,2.53579464285714,0.548896070587428,14,1
"rf",16,38623,25.5387787698413,0.89204736191515,53,1
"rf",16,38624,35.6505111124578,0.957957202963453,34,1
"rf",16,38627,-23.0572371933622,0.131944588488461,26,1
"rf",16,38626,-8.88300340007216,0.333441864007167,14,1
"rf",16,38628,40.2904977106227,0.97454806153066,51,1
"xgb",16,38622,0.053833432495594,0.500649026152757,43,1
"xgb",16,38625,4.27928352355957,0.551448438370749,14,1
"xgb",16,38623,16.9215507507324,0.695456130373682,53,1
"xgb",16,38624,29.6227550506592,0.814663006088443,34,1
"xgb",16,38627,-25.4779415130615,0.220663690998231,26,1
"xgb",16,38626,-3.19346022605896,0.461558697291385,14,1
"xgb",16,38628,38.7421607971191,0.879161157108384,51,1
"bayes",16,38622,-0.402685530722839,0.495027088626734,43,1
"bayes",16,38625,21.1349976114126,0.729264138399981,14,1
"bayes",16,38623,30.7586401079442,0.810038519673644,53,1
"bayes",16,38624,41.0381940624478,0.880649959898785,34,1
"bayes",16,38627,-13.564668872999,0.347404458944784,26,1
"bayes",16,38626,12.7585566264398,0.64380058943994,14,1
"bayes",16,38628,21.2380422931527,0.728290868791076,51,1
"elo",17,38630,6.86603076722271,0.61440693246541,-22,0
"elo",17,38635,8.01878119631472,0.664125106923472,35,1
"elo",17,38637,-7.89655370780862,0.0912493072713651,-25,0
"elo",17,38631,5.02929639192585,0.530447122512898,-6,0
"elo",17,38632,-1.87003111007236,0.236857507800046,21,1
"elo",17,38633,11.3505476790372,0.786778928620245,-35,0
"elo",17,38634,-3.72681903637732,0.179803897415725,-2,0
"elo",17,38629,-2.26294682404599,0.223816749457791,-67,0
"elo",17,38636,8.94469530532545,0.701638556824857,21,1
"ridge",17,38630,18.7886425807889,0.714138757361378,-22,0
"ridge",17,38635,21.7960629301151,0.744099654855362,35,1
"ridge",17,38637,-31.1575614085137,0.174171864071659,-25,0
"ridge",17,38631,8.60620757678714,0.60219663362358,-6,0
"ridge",17,38632,-14.8986899661657,0.326920210092614,21,1
"ridge",17,38633,18.6610695973684,0.712831853647286,-35,0
"ridge",17,38634,-27.2718609272314,0.20586538939532,-2,0
"ridge",17,38629,-20.6860046220988,0.26676550799676,-67,0
"ridge",17,38636,20.757928598048,0.73394547786094,21,1
"bt",17,38630,6.85891455964515,0.666040844213383,-22,0
"bt",17,38635,8.2663874520998,0.712639700655861,35,1
"bt",17,38637,-4.80232369633074,0.246925734714953,-25,0
"bt",17,38631,5.24216926721647,0.608265137199246,-6,0
"bt",17,38632,-2.81894915884775,0.308315242652536,21,1
"bt",17,38633,11.770259318893,0.810108183055665,-35,0
"bt",17,38634,-2.38212646162756,0.32292148035074,-2,0
"bt",17,38629,-1.89568205075247,0.339602508185448,-67,0
"bt",17,38636,5.78668455913684,0.628159289282972,21,1
"shots",17,38630,11.9375,0.65125,-22,0
"shots",17,38635,21.2775,0.72125,35,1
"shots",17,38637,-22.55,0.23875,-25,0
"shots",17,38631,3.0875,0.5725,-6,0
"shots",17,38632,-14.34,0.345,21,1
"shots",17,38633,24.5275,0.8,-35,0
"shots",17,38634,-29.9075,0.15625,-2,0
"shots",17,38629,-18.785,0.27875,-67,0
"shots",17,38636,22.885,0.775,21,1
"rf",17,38630,24.4598511904762,0.882972012207094,-22,0
"rf",17,38635,25.9641091269841,0.896733798861765,35,1
"rf",17,38637,5.13288988095238,0.598596470173134,-25,0
"rf",17,38631,-11.6500753968254,0.285432507939463,-6,0
"rf",17,38632,-19.0444613095238,0.177088931152705,21,1
"rf",17,38633,-1.36329861111111,0.473559662406368,-35,0
"rf",17,38634,-40.5609831349207,0.0242307975061348,-2,0
"rf",17,38629,9.07908257469655,0.670646410509478,-67,0
"rf",17,38636,26.5321458333333,0.901612280730671,21,1
"xgb",17,38630,24.2943553924561,0.768377862033006,-22,0
"xgb",17,38635,22.1749305725098,0.748419284086651,35,1
"xgb",17,38637,7.09702110290527,0.584835293410588,-25,0
"xgb",17,38631,-10.8321676254272,0.371813626958671,-6,0
"xgb",17,38632,-14.8537511825562,0.326904605600096,21,1
"xgb",17,38633,10.0816583633423,0.61958602705327,-35,0
"xgb",17,38634,-36.9267501831055,0.132441744937195,-2,0
"xgb",17,38629,-4.94134044647217,0.44070066458122,-67,0
"xgb",17,38636,20.6293907165527,0.733311587546069,21,1
"bayes",17,38630,17.9308933294581,0.698578814392624,-22,0
"bayes",17,38635,20.86410930117,0.727462436799411,35,1
"bayes",17,38637,-29.3779790273661,0.197962911686384,-25,0
"bayes",17,38631,8.81327132409872,0.600981514584581,-6,0
"bayes",17,38632,-13.8658694884747,0.345232136016615,21,1
"bayes",17,38633,17.3835833724613,0.693293180682463,-35,0
"bayes",17,38634,-25.827600653401,0.226922389100253,-2,0
"bayes",17,38629,-19.6041545290831,0.285644617504573,-67,0
"bayes",17,38636,19.8609676966142,0.718586881849879,21,1
"elo",18,38646,8.54047230962622,0.683278783262654,38,1
"elo",18,38640,13.3746660834315,0.837039019124537,4,1
"elo",18,38639,0.9090218617121,0.354216579921165,-64,0
"elo",18,38641,4.41428938720346,0.507112557025631,13,1
"elo",18,38643,7.83862957862261,0.65541725725055,14,1
"elo",18,38645,11.7206337998591,0.792415877074578,79,1
"elo",18,38638,22.1859542243087,0.961488075181436,90,1
"elo",18,38642,16.2690709279177,0.896204923358642,46,1
"elo",18,38644,21.3227993904871,0.955324429427607,16,1
"ridge",18,38646,10.8781236579207,0.628731239851641,38,1
"ridge",18,38640,25.3129951333326,0.777684214636549,4,1
"ridge",18,38639,-10.5745059495669,0.374739545351367,-64,0
"ridge",18,38641,-6.16841129124222,0.426115673120077,13,1
"ridge",18,38643,15.6171844185541,0.681395211307483,14,1
"ridge",18,38645,16.395906310166,0.689742115475004,79,1
"ridge",18,38638,47.5253800704604,0.924379189577559,90,1
"ridge",18,38642,38.8873776788704,0.879864832596526,46,1
"ridge",18,38644,44.188347253338,0.908961752675951,16,1
"bt",18,38646,9.39725036092775,0.748017032956827,38,1
"bt",18,38640,11.2844433241658,0.800492374328307,4,1
"bt",18,38639,0.807684687445487,0.429632514128452,-64,0
"bt",18,38641,2.67791625768109,0.503812822615634,13,1
"bt",18,38643,8.30258538778548,0.713672809679251,14,1
"bt",18,38645,10.5589974311172,0.781349749154515,79,1
"bt",18,38638,20.6566927944381,0.947137655340982,90,1
"bt",18,38642,17.0313432357378,0.909449175481663,46,1
"bt",18,38644,18.3334473179899,0.925174421333837,16,1
"shots",18,38646,13.215,0.6775,38,1
"shots",18,38640,30.9325,0.84625,4,1
"shots",18,38639,-7.1725,0.40625,-64,0
"shots",18,38641,-9.98,0.36875,13,1
"shots",18,38643,8.18,0.60625,14,1
"shots",18,38645,11.5675,0.6675,79,1
"shots",18,38638,52.975,0.95625,90,1
"shots",18,38642,47.71,0.945,46,1
"shots",18,38644,34.1325,0.85375,16,1
"rf",18,38646,41.5190099206349,0.977829601935987,38,1
"rf",18,38640,31.1309144172821,0.934189077587952,4,1
"rf",18,38639,9.06340674603175,0.66965483017123,-64,0
"rf",18,38641,14.3523303571429,0.756508124113053,13,1
"rf",18,38643,0.406057539682539,0.507845188331056,14,1
"rf",18,38645,20.8467232142857,0.843668872525589,79,1
"rf",18,38638,44.9050873015873,0.985179312916423,90,1
"rf",18,38642,20.7739159996005,0.842822363601954,46,1
"rf",18,38644,1.25326091269841,0.52420018430019,16,1
"xgb",18,38646,34.1809616088867,0.84890620046222,38,1
"xgb",18,38640,20.1408271789551,0.728390202851116,4,1
"xgb",18,38639,11.0967712402344,0.631171022192102,-64,0
"xgb",18,38641,7.78990697860718,0.59294942539482,13,1
"xgb",18,38643,0.495257973670959,0.505963717299538,14,1
"xgb",18,38645,24.1115417480469,0.766634353620148,79,1
"xgb",18,38638,39.0048065185547,0.880474364247646,90,1
"xgb",18,38642,23.0544490814209,0.756754067698346,46,1
"xgb",18,38644,2.86855220794678,0.534500238701284,16,1
"bayes",18,38646,10.9708610498252,0.625419533901249,38,1
"bayes",18,38640,24.058989371251,0.758657073836616,4,1
"bayes",18,38639,-9.79399881250305,0.387133957080443,-64,0
"bayes",18,38641,-5.07880135180089,0.440789972657894,13,1
"bayes",18,38643,15.166485031144,0.671343853573077,14,1
"bayes",18,38645,16.0693099252828,0.681454474272995,79,1
"bayes",18,38638,45.1268123329061,0.906032365525924,90,1
"bayes",18,38642,36.7595637398083,0.858612109190983,46,1
"bayes",18,38644,42.6406250350372,0.891433167270071,16,1
"elo",19,38649,9.74227347797269,0.728296107979674,27,1
"elo",19,38653,7.42715025512454,0.637106335668162,-16,0
"elo",19,38647,8.81477393630002,0.693484916517111,21,1
"elo",19,38651,-0.383844389343502,0.296316535543823,-16,0
"elo",19,38654,-3.77930334912937,0.184592556989506,-28,0
"elo",19,38655,-9.73926684574772,0.0707697703268054,-24,0
"elo",19,38648,-5.50677159472253,0.141693988762451,3,1
"elo",19,38650,2.32483209597915,0.408590105820454,-9,0
"elo",19,38652,-9.5304417978815,0.0733213741370375,-70,0
"ridge",19,38649,18.9864294309032,0.716937925080262,27,1
"ridge",19,38653,14.2255761715951,0.666364431078334,-16,0
"ridge",19,38647,13.5262770168489,0.658643360220519,21,1
"ridge",19,38651,-13.8894043650073,0.337338752069976,-16,0
"ridge",19,38654,-14.7885413472217,0.32747038398759,-28,0
"ridge",19,38655,-31.1566692653007,0.173210765513653,-24,0
"ridge",19,38648,-21.8986313419988,0.25405753296267,3,1
"ridge",19,38650,6.51994197228345,0.578098880095369,-9,0
"ridge",19,38652,-42.3669711263131,0.100214937917977,-70,0
"bt",19,38649,9.19945085953754,0.747596975159858,27,1
"bt",19,38653,8.15195206057872,0.714507075618146,-16,0
"bt",19,38647,8.91535983704234,0.738878700207999,21,1
"bt",19,38651,-0.178382130028271,0.395959672107253,-16,0
"bt",19,38654,-6.14359088183359,0.200741289914445,-28,0
"bt",19,38655,-6.03108253401102,0.203660070287339,-24,0
"bt",19,38648,-4.61992206055227,0.242940064459184,3,1
"bt",19,38650,1.67456007015807,0.468956480516895,-9,0
"bt",19,38652,-9.02732128455528,0.136409637975725,-70,0
"shots",19,38649,23.13,0.78625,27,1
"shots",19,38653,11.14,0.63625,-16,0
"shots",19,38647,15.795,0.69375,21,1
"shots",19,38651,-9.51,0.375,-16,0
"shots",19,38654,-12.77,0.345,-28,0
"shots",19,38655,-29.1,0.19375,-24,0
"shots",19,38648,-25.5175,0.1975,3,1
"shots",19,38650,5.8325,0.5825,-9,0
"shots",19,38652,-46.695,0.05875,-70,0
"rf",19,38649,0.87586715564605,0.516957007376458,27,1
"rf",19,38653,-2.69951984126984,0.447870116698917,-16,0
"rf",19,38647,7.03558261183261,0.63364855947615,21,1
"rf",19,38651,-18.2083811943597,0.188375131983671,-16,0
"rf",19,38654,-13.4747321428571,0.256519941565287,-28,0
"rf",19,38655,-26.8529275793651,0.0961957393032576,-24,0
"rf",19,38648,-24.9575902777778,0.112846057508882,3,1
"rf",19,38650,-20.3782271825397,0.161274834178495,-9,0
"rf",19,38652,-49.1185674603175,0.00855371334169479,-70,0
"xgb",19,38649,-4.70412921905518,0.443498446349224,27,1
"xgb",19,38653,-1.65217101573944,0.480097135398867,-16,0
"xgb",19,38647,8.40116882324219,0.600170198170855,21,1
"xgb",19,38651,-16.1326656341553,0.31300676629547,-16,0
"xgb",19,38654,-9.61984634399414,0.385677779734977,-28,0
"xgb",19,38655,-27.1498756408691,0.2060624197539,-24,0
"xgb",19,38648,-27.0620746612549,0.206819157406017,3,1
"xgb",19,38650,-6.22230911254883,0.425451129547815,-9,0
"xgb",19,38652,-44.981819152832,0.0870989004091028,-70,0
"bayes",19,38649,17.516457056473,0.694829019262622,27,1
"bayes",19,38653,13.9084218515971,0.657661095275146,-16,0
"bayes",19,38647,12.6604579607014,0.643665276653174,21,1
"bayes",19,38651,-12.9079685684717,0.35403127570963,-16,0
"bayes",19,38654,-13.1997666787323,0.350812608632673,-28,0
"bayes",19,38655,-28.2537607744203,0.207042974713686,-24,0
"bayes",19,38648,-19.8664910248508,0.281738755612737,3,1
"bayes",19,38650,7.11362749405803,0.58239796089384,-9,0
"bayes",19,38652,-40.0986746679071,0.121451051854822,-70,0
"elo",2,38508,6.89121899899022,0.616612310689083,17,1
"elo",2,38509,7.76736121896704,0.653925237760133,-6,0
"elo",2,38510,-4.64481822461322,0.161572835246341,-68,0
"elo",2,38511,14.5159119711147,0.867331218956259,-4,0
"elo",2,38512,13.6891384859714,0.848836041195421,48,1
"elo",2,38513,11.843750920166,0.799966996982525,63,1
"elo",2,38514,2.18116017855656,0.40345162973638,17,1
"ridge",2,38508,18.3791283021608,0.676173067104551,17,1
"ridge",2,38509,7.03690332314476,0.569453461593242,-6,0
"ridge",2,38510,-15.1181233222636,0.353482890758584,-68,0
"ridge",2,38511,24.1425061103835,0.72585974025887,-4,0
"ridge",2,38512,13.1749997970857,0.628398851065708,48,1
"ridge",2,38513,19.7537669277309,0.688359728698293,63,1
"ridge",2,38514,-5.30566010249299,0.447518644412894,17,1
"bt",2,38508,7.29793645027171,0.670368966138656,17,1
"bt",2,38509,7.93540504192563,0.697065412455821,-6,0
"bt",2,38510,-4.93710258459235,0.159673971307819,-68,0
"bt",2,38511,15.3519592993542,0.90638744896639,-4,0
"bt",2,38512,10.8039083418967,0.80045302246039,48,1
"bt",2,38513,9.48700508052348,0.756572873121456,63,1
"bt",2,38514,-0.241917829217119,0.320608928575329,17,1
"shots",2,38508,10.5975,0.64625,17,1
"shots",2,38509,-1.77,0.45,-6,0
"shots",2,38510,-28.4925,0.15875,-68,0
"shots",2,38511,15.7375,0.705,-4,0
"shots",2,38512,16.5675,0.71875,48,1
"shots",2,38513,16.1875,0.715,63,1
"shots",2,38514,-2.485,0.47125,17,1
"rf",2,38508,-4.86295238095237,0.407090255827546,17,1
"rf",2,38509,-24.5222331349206,0.11796734985459,-6,0
"rf",2,38510,-31.9440535714286,0.0613037409601636,-68,0
"rf",2,38511,15.8559553571429,0.7782661147273,-4,0
"rf",2,38512,2.00294742063492,0.538559975011828,48,1
"rf",2,38513,-9.43189583333333,0.324244366192631,63,1
"rf",2,38514,-21.5819265873016,0.148451378028089,17,1
"xgb",2,38508,-2.48308730125427,0.470101056109775,17,1
"xgb",2,38509,-16.6514892578125,0.307463381976221,-6,0
"xgb",2,38510,-29.0778465270996,0.189846402590805,-68,0
"xgb",2,38511,14.3058547973633,0.667198359193947,-4,0
"xgb",2,38512,0.173292964696884,0.502088574529094,48,1
"xgb",2,38513,1.47773408889771,0.517804225246387,63,1
"xgb",2,38514,-15.9322271347046,0.31514314645295,17,1
"bayes",2,38508,15.7701950241684,0.649980951896546,17,1
"bayes",2,38509,10.0844682224046,0.598172993710731,-6,0
"bayes",2,38510,-0.855289349609508,0.49230386976321,-68,0
"bayes",2,38511,18.1087052731048,0.671291987308268,-4,0
"bayes",2,38512,12.4797540588515,0.616074351407925,48,1
"bayes",2,38513,15.8882281096861,0.651795879859428,63,1
"bayes",2,38514,3.56253571606233,0.533828458107676,17,1
"elo",20,38663,9.08253828440011,0.703936512530625,-34,0
"elo",20,38661,2.59021632599732,0.425071886178985,-20,0
"elo",20,38664,24.9873402692344,0.976516924585527,70,1
"elo",20,38657,7.15851733353318,0.627134599835236,13,1
"elo",20,38658,2.44205437254902,0.418570578713274,-51,0
"elo",20,38659,19.4206794709723,0.938552546195436,93,1
"elo",20,38662,20.1792466285739,0.945968298991701,57,1
"elo",20,38656,15.3462306715492,0.880068617052913,59,1
"elo",20,38660,0.640703526517159,0.342371499528935,-31,0
"ridge",20,38663,18.5847921522882,0.716342359108541,-34,0
"ridge",20,38661,-11.6011048516307,0.360522221837977,-20,0
"ridge",20,38664,51.9572031784128,0.945107336470115,70,1
"ridge",20,38657,3.4769796794144,0.542611784389248,13,1
"ridge",20,38658,-10.4963483260179,0.373324657154401,-51,0
"ridge",20,38659,44.90228727818,0.916517198981891,93,1
"ridge",20,38662,42.8551657715349,0.906417578513326,57,1
"ridge",20,38656,28.0193617978079,0.805763719433693,59,1
"ridge",20,38660,-13.3135057376265,0.340987998180949,-31,0
"bt",20,38663,8.3459892053504,0.719349413837491,-34,0
"bt",20,38661,4.40659723311679,0.577298157688667,-20,0
"bt",20,38664,23.3725647177467,0.965861626783031,70,1
"bt",20,38657,6.03142497115161,0.639075016327821,13,1
"bt",20,38658,0.579205435589336,0.425568560309088,-51,0
"bt",20,38659,19.0956189614392,0.934570256756729,93,1
"bt",20,38662,19.9437963268976,0.9423863110727,57,1
"bt",20,38656,14.9199223786692,0.879933607598138,59,1
"bt",20,38660,2.18933196484401,0.489340578062972,-31,0
"shots",20,38663,11.4175,0.645,-34,0
"shots",20,38661,-4.05,0.45875,-20,0
"shots",20,38664,47.2325,0.94125,70,1
"shots",20,38657,6.8575,0.59125,13,1
"shots",20,38658,-3.145,0.4525,-51,0
"shots",20,38659,54.795,0.95625,93,1
"shots",20,38662,42.525,0.91875,57,1
"shots",20,38656,22.0675,0.73125,59,1
"shots",20,38660,-9.5975,0.395,-31,0
"rf",20,38663,1.37006349206349,0.526589746114342,-34,0
"rf",20,38661,14.5886411647993,0.761219841412789,-20,0
"rf",20,38664,31.232939085021,0.935812502343119,70,1
"rf",20,38657,24.4660882936508,0.883193734601017,13,1
"rf",20,38658,6.55235866910867,0.625134609308303,-51,0
"rf",20,38659,39.4086923918993,0.97248053757793,93,1
"rf",20,38662,19.7782678571428,0.832196930423637,57,1
"rf",20,38656,37.1062242063492,0.964577965945351,59,1
"rf",20,38660,14.1194090007215,0.754080836142159,-31,0
"xgb",20,38663,10.3215532302856,0.622274273742429,-34,0
"xgb",20,38661,10.9875345230103,0.629887626603625,-20,0
"xgb",20,38664,42.4881782531738,0.900097512703826,70,1
"xgb",20,38657,25.565523147583,0.77978155785975,13,1
"xgb",20,38658,9.51955890655518,0.613042860723743,-51,0
"xgb",20,38659,33.3368873596191,0.842782945410438,93,1
"xgb",20,38662,17.842716217041,0.704854761814111,57,1
"xgb",20,38656,39.5609130859375,0.883717069092949,59,1
"xgb",20,38660,4.45813894271851,0.553507122467055,-31,0
"bayes",20,38663,17.6902918652216,0.701266599093086,-34,0
"bayes",20,38661,-10.7161577494825,0.374588423602657,-20,0
"bayes",20,38664,49.4650576407841,0.929646372385165,70,1
"bayes",20,38657,4.26159378486686,0.550658765708079,13,1
"bayes",20,38658,-9.82342404718797,0.38514236951301,-51,0
"bayes",20,38659,42.5822116398777,0.896265823301589,93,1
"bayes",20,38662,40.7898678520403,0.88638990556638,57,1
"bayes",20,38656,26.9813855739111,0.789449843136063,59,1
"bayes",20,38660,-12.513405895872,0.354224090627469,-31,0
"elo",21,38666,5.11346366107036,0.537569394058289,-25,0
"elo",21,38673,10.8857800075517,0.763475121532988,37,1
"elo",21,38665,0.271004113510156,0.330441316612358,76,1
"elo",21,38669,17.1165700158902,0.906718334966199,16,1
"elo",21,38671,0.997994259549944,0.359492582190443,-19,0
"elo",21,38672,2.70005960299572,0.431329317371779,-12,0
"elo",21,38667,-6.9572851653366,0.120781192927626,-72,0
"elo",21,38668,4.42094316554121,0.507008870178615,-9,0
"elo",21,38670,7.3946572265592,0.635100439161742,11,1
"ridge",21,38666,-7.31493311499009,0.410355209197962,-25,0
"ridge",21,38673,25.4502509445109,0.784797842016276,37,1
"ridge",21,38665,-9.97217270173396,0.378676749211308,76,1
"ridge",21,38669,37.7080262171541,0.878651165828455,16,1
"ridge",21,38671,-6.43220832289811,0.421020784876107,-19,0
"ridge",21,38672,2.06006789464822,0.525445233024767,-12,0
"ridge",21,38667,-32.5265732071241,0.156789968021618,-72,0
"ridge",21,38668,7.71488076971986,0.59445594198785,-9,0
"ridge",21,38670,3.23097210267161,0.539868332263586,11,1
"bt",21,38666,4.66933291648597,0.580105475950267,-25,0
"bt",21,38673,11.6386294526178,0.813212287387591,37,1
"bt",21,38665,0.28368929261371,0.401530954744439,76,1
"bt",21,38669,17.5824889158343,0.920557606984937,16,1
"bt",21,38671,0.328957213002619,0.403323831406527,-19,0
"bt",21,38672,2.63064380674658,0.49686081647612,-12,0
"bt",21,38667,-7.20781869661557,0.163432220005916,-72,0
"bt",21,38668,3.12345001493712,0.517144814700578,-9,0
"bt",21,38670,4.51453825121805,0.573883194693924,11,1
"shots",21,38666,-1.525,0.475,-25,0
"shots",21,38673,27.9425,0.82125,37,1
"shots",21,38665,-9.31,0.4125,76,1
"shots",21,38669,44.38,0.935,16,1
"shots",21,38671,-1.6825,0.485,-19,0
"shots",21,38672,4.65,0.5625,-12,0
"shots",21,38667,-30.405,0.165,-72,0
"shots",21,38668,1.9,0.52125,-9,0
"shots",21,38670,-7.9225,0.39375,11,1
"rf",21,38666,-0.0864771825396844,0.498327144895498,-25,0
"rf",21,38673,29.5091547619048,0.923768430611969,37,1
"rf",21,38665,-15.2732490079365,0.229470214402707,76,1
"rf",21,38669,37.2083154761905,0.964401104703542,16,1
"rf",21,38671,4.71783630952381,0.590474478274964,-19,0
"rf",21,38672,11.8266190476191,0.716835810835955,-12,0
"rf",21,38667,-47.8024692460317,0.0102268507305399,-72,0
"rf",21,38668,-16.0516488095238,0.218185197760306,-9,0
"rf",21,38670,12.6082123015873,0.729521454741035,11,1
"xgb",21,38666,8.72425842285156,0.603808918962102,-25,0
"xgb",21,38673,30.9667625427246,0.824923956646504,37,1
"xgb",21,38665,-15.4396333694458,0.320669577620871,76,1
"xgb",21,38669,42.0306816101074,0.897619317763805,16,1
"xgb",21,38671,12.7673625946045,0.649956306428557,-19,0
"xgb",21,38672,7.00148391723633,0.583650350879026,-12,0
"xgb",21,38667,-48.6258239746094,0.071176647291569,-72,0
"xgb",21,38668,-19.0673732757568,0.282551194993597,-9,0
"xgb",21,38670,4.34885740280151,0.55219494633952,11,1
"bayes",21,38666,-6.78308126709763,0.419048827377327,-25,0
"bayes",21,38673,25.0312364735279,0.773008823067029,37,1
"bayes",21,38665,-9.83716248236567,0.38333853683353,76,1
"bayes",21,38669,36.5127636492538,0.863358252330879,16,1
"bayes",21,38671,-6.27253951329859,0.424991715803372,-19,0
"bayes",21,38672,2.0698446413753,0.525029037071736,-12,0
"bayes",21,38667,-31.348379902875,0.172946454867413,-72,0
"bayes",21,38668,7.4347561932756,0.588861426712061,-9,0
"bayes",21,38670,3.49187418767455,0.541407322780346,11,1
"elo",22,38680,16.2531413621856,0.890332735090105,-23,0
"elo",22,38674,6.49184200517573,0.597685533899249,67,1
"elo",22,38675,20.1931398097644,0.941565779330958,67,1
"elo",22,38677,-1.06451365691587,0.285190816837206,4,1
"elo",22,38679,16.2015421907814,0.88945309717769,97,1
"elo",22,38681,22.0746657376439,0.957180511007721,9,1
"elo",22,38676,9.52894217261137,0.715904983525857,-2,0
"elo",22,38678,4.08280630448275,0.494174296717626,-44,0
"elo",22,38682,-8.77688592638366,0.0944313946489426,-19,0
"ridge",22,38680,24.4510361350528,0.775378396066193,-23,0
"ridge",22,38674,6.24850735910978,0.576665506592975,67,1
"ridge",22,38675,53.0706412819128,0.949742064647901,67,1
"ridge",22,38677,-9.19912987193056,0.387943843520975,4,1
"ridge",22,38679,34.5559105906606,0.857552831560224,97,1
"ridge",22,38681,58.2476458315216,0.964272011562883,9,1
"ridge",22,38676,7.57671160834019,0.592691389971713,-2,0
"ridge",22,38678,7.52777223636366,0.59210346684148,-44,0
"ridge",22,38682,-25.6055662684716,0.214061950114984,-19,0
"bt",22,38680,14.1115361501329,0.857100621139099,-23,0
"bt",22,38674,5.90953991403716,0.62477692730731,67,1
"bt",22,38675,18.9552066913066,0.927454214020059,67,1
"bt",22,38677,-0.864986614537866,0.366182729275293,4,1
"bt",22,38679,17.0734218038742,0.905012334830277,97,1
"bt",22,38681,20.9732503843469,0.946014358010016,9,1
"bt",22,38676,10.2669453320068,0.766867530990704,-2,0
"bt",22,38678,4.2754347917335,0.56329591417704,-44,0
"bt",22,38682,-5.31403112569002,0.223778727425221,-19,0
"shots",22,38680,26.58,0.7925,-23,0
"shots",22,38674,2.4125,0.555,67,1
"shots",22,38675,58.2625,0.97,67,1
"shots",22,38677,-9.4875,0.375,4,1
"shots",22,38679,22.035,0.77125,97,1
"shots",22,38681,54.41,0.98,9,1
"shots",22,38676,12.8725,0.6525,-2,0
"shots",22,38678,7.65,0.615,-44,0
"shots",22,38682,-20.9475,0.2575,-19,0
"rf",22,38680,11.8000039092852,0.716883390669318,-23,0
"rf",22,38674,-0.814795634920635,0.48420287220858,67,1
"rf",22,38675,31.8982125721501,0.939500991597962,67,1
"rf",22,38677,-1.48403174603175,0.471245249131243,4,1
"rf",22,38679,11.8970625,0.718477950189284,97,1
"rf",22,38681,39.8688918650793,0.973692010235159,9,1
"rf",22,38676,35.0937936507936,0.955990183470636,-2,0
"rf",22,38678,17.5636543198181,0.803387540308883,-44,0
"rf",22,38682,-23.0554136904762,0.131198748227405,-19,0
"xgb",22,38680,8.44618225097656,0.600580744857641,-23,0
"xgb",22,38674,-0.771029353141785,0.490719594032829,67,1
"xgb",22,38675,28.1704654693604,0.802337603344469,67,1
"xgb",22,38677,-8.88326263427734,0.39433472431839,4,1
"xgb",22,38679,6.74237823486328,0.580604785535227,97,1
"xgb",22,38681,24.764720916748,0.772539868823292,9,1
"xgb",22,38676,39.262508392334,0.881929167375149,-2,0
"xgb",22,38678,2.13543128967285,0.525687415811304,-44,0
"xgb",22,38682,-18.0431995391846,0.293074236678688,-19,0
"bayes",22,38680,23.3555475804321,0.758734114724839,-23,0
"bayes",22,38674,6.44047845842771,0.576603601852161,67,1
"bayes",22,38675,51.0148205129748,0.936825961452388,67,1
"bayes",22,38677,-8.73493099525102,0.396860907285311,4,1
"bayes",22,38679,33.6220087015094,0.845275477662735,97,1
"bayes",22,38681,56.3547247717684,0.955300414894605,9,1
"bayes",22,38676,6.95461034618456,0.582830344008281,-2,0
"bayes",22,38678,7.55539631141962,0.589755835955337,-44,0
"bayes",22,38682,-24.5797443222939,0.23313381424257,-19,0
"elo",23,38691,9.69604972079812,0.722234368204806,24,1
"elo",23,38683,12.8928122330743,0.820312691296953,42,1
"elo",23,38686,6.92272580820144,0.614729553067622,0,0
"elo",23,38687,-5.18099289229723,0.159222845199875,-15,0
"elo",23,38688,-3.11411158896682,0.214151674036816,-49,0
"elo",23,38690,0.912603097784795,0.356395486938128,-76,0
"elo",23,38684,-8.36660381266404,0.0975319102411945,-36,0
"elo",23,38685,19.3692640684203,0.934554995882991,54,1
"elo",23,38689,7.34967054630834,0.632373929503015,0,0
"ridge",23,38691,19.4666315536776,0.72420849705573,24,1
"ridge",23,38683,16.3190128698438,0.691152342407611,42,1
"ridge",23,38686,8.98473163508143,0.608264781814512,0,0
"ridge",23,38687,-29.9711853929576,0.179657013760165,-15,0
"ridge",23,38688,-30.1499700307147,0.178227481036761,-49,0
"ridge",23,38690,-1.73298828792562,0.478864482181831,-76,0
"ridge",23,38684,-41.2812497387296,0.103367757670449,-36,0
"ridge",23,38685,39.9444216212145,0.889090555803527,54,1
"ridge",23,38689,7.03857614617331,0.585223873783156,0,0
"bt",23,38691,12.4516065022175,0.805947561143751,24,1
"bt",23,38683,10.6505837002891,0.760757939986116,42,1
"bt",23,38686,5.80465196508531,0.607853287736623,0,0
"bt",23,38687,-4.13608258119291,0.261982821801474,-15,0
"bt",23,38688,-4.04663332428947,0.264555335012029,-49,0
"bt",23,38690,-0.682860904096841,0.371998288265954,-76,0
"bt",23,38684,-9.06002110645403,0.146065832826544,-36,0
"bt",23,38685,17.4561593626887,0.897150054007073,54,1
"bt",23,38689,7.33370695334519,0.660387544559467,0,0
"shots",23,38691,22.2375,0.79375,24,1
"shots",23,38683,25.58,0.79125,42,1
"shots",23,38686,16.4925,0.715,0,0
"shots",23,38687,-23.84,0.21625,-15,0
"shots",23,38688,-28.11,0.16875,-49,0
"shots",23,38690,0.4275,0.50375,-76,0
"shots",23,38684,-41.1,0.105,-36,0
"shots",23,38685,32.6725,0.88375,54,1
"shots",23,38689,4.89,0.58625,0,0
"rf",23,38691,3.30349503968254,0.563784563532494,24,1
"rf",23,38683,45.4681085557961,0.986449100580523,42,1
"rf",23,38686,10.6500317460317,0.697652745091499,0,0
"rf",23,38687,-18.1274063865885,0.189128895352774,-15,0
"rf",23,38688,-13.8110122354497,0.251012860348252,-49,0
"rf",23,38690,-14.031376984127,0.247614099406064,-76,0
"rf",23,38684,-29.333128968254,0.0769655567910011,-36,0
"rf",23,38685,20.2195783730159,0.837148093430292,54,1
"rf",23,38689,0.744524343711842,0.514434079473405,0,0
"xgb",23,38691,6.775146484375,0.580929865988434,24,1
"xgb",23,38683,41.108283996582,0.89240650798027,42,1
"xgb",23,38686,8.60986042022705,0.602410011005605,0,0
"xgb",23,38687,-14.6906156539917,0.328909325009554,-15,0
"xgb",23,38688,-16.5591201782227,0.308797106639173,-49,0
"xgb",23,38690,-17.7042655944824,0.296743634241441,-76,0
"xgb",23,38684,-29.0142135620117,0.1908446382863,-36,0
"xgb",23,38685,34.079647064209,0.847910387621305,54,1
"xgb",23,38689,2.59470653533936,0.531177946540742,0,0
"bayes",23,38691,19.1715236745211,0.715732137776121,24,1
"bayes",23,38683,15.8029065407357,0.680297344066889,42,1
"bayes",23,38686,8.76994613307119,0.602530126121869,0,0
"bayes",23,38687,-28.6270725562157,0.197125365103244,-15,0
"bayes",23,38688,-29.1496215121187,0.19334746083024,-49,0
"bayes",23,38690,-1.32333702256395,0.484381794224602,-76,0
"bayes",23,38684,-39.4521834258658,0.122074812832188,-36,0
"bayes",23,38685,39.3319194452186,0.877523190463423,54,1
"bayes",23,38689,7.12387305499137,0.583490410519218,0,0
"elo",24,38697,7.17147007834936,0.6273957355697,-23,0
"elo",24,38692,4.49868969901303,0.510484343404431,-63,0
"elo",24,38693,-0.152494200519045,0.311778428148881,37,1
"elo",24,38695,21.4481631469954,0.956071568494151,57,1
"elo",24,38696,5.37657158289423,0.549663405405467,-21,0
"elo",24,38699,10.5289629879725,0.754529540772789,56,1
"elo",24,38694,1.66083889953614,0.385382509877548,-9,0
"elo",24,38698,18.0830201249672,0.922516657348959,53,1
"elo",24,38700,-9.84795837760029,0.0737948442659891,-62,0
"ridge",24,38697,10.5741651126152,0.627648915247806,-23,0
"ridge",24,38692,1.69139443013486,0.520770201950441,-63,0
"ridge",24,38693,-11.3359696389586,0.363509857189333,37,1
"ridge",24,38695,54.8315422611189,0.954346640858554,57,1
"ridge",24,38696,4.80745703493355,0.558846879042384,-21,0
"ridge",24,38699,20.1209116931112,0.732248033549357,56,1
"ridge",24,38694,-10.2463314717955,0.376176924498623,-9,0
"ridge",24,38698,43.0839860551948,0.907708789523997,53,1
"ridge",24,38700,-30.848866084505,0.171057406103249,-62,0
"bt",24,38697,6.75667282104173,0.637727794991194,-23,0
"bt",24,38692,4.5164740225502,0.562111765736018,-63,0
"bt",24,38693,-0.798485234351853,0.377667523761979,37,1
"bt",24,38695,19.0442590637537,0.908676014701123,57,1
"bt",24,38696,4.10584074823136,0.547816940894885,-21,0
"bt",24,38699,11.4039296936206,0.772167976474391,56,1
"bt",24,38694,2.50403333351739,0.491516598976006,-9,0
"bt",24,38698,16.818761690238,0.879092974441478,53,1
"bt",24,38700,-6.2617142513847,0.219332994832062,-62,0
"shots",24,38697,7.735,0.59125,-23,0
"shots",24,38692,-0.08,0.48625,-63,0
"shots",24,38693,-8.7875,0.38,37,1
"shots",24,38695,58.725,0.97,57,1
"shots",24,38696,14.3775,0.68375,-21,0
"shots",24,38699,12.35,0.6475,56,1
"shots",24,38694,-15.585,0.305,-9,0
"shots",24,38698,38.0375,0.885,53,1
"shots",24,38700,-33.92,0.15375,-62,0
"rf",24,38697,19.7192509920635,0.830422697473626,-23,0
"rf",24,38692,-8.22172123015872,0.345121418093803,-63,0
"rf",24,38693,-2.23829662698413,0.456801391757977,37,1
"rf",24,38695,52.2923630952381,0.994373296321924,57,1
"rf",24,38696,30.0547292429792,0.92741711878375,-21,0
"rf",24,38699,-1.36278968253968,0.473666016553737,56,1
"rf",24,38694,-1.09573115079365,0.47882110306182,-9,0
"rf",24,38698,28.1751458333334,0.913985538125625,53,1
"rf",24,38700,-28.016875,0.0872252272876872,-62,0
"xgb",24,38697,14.3769121170044,0.667732232090479,-23,0
"xgb",24,38692,-1.65434730052948,0.480100597176819,-63,0
"xgb",24,38693,-5.79072523117065,0.430669764924457,37,1
"xgb",24,38695,45.5343246459961,0.915198442869265,57,1
"xgb",24,38696,20.9965324401855,0.736741401631016,-21,0
"xgb",24,38699,7.99039649963379,0.595229923338526,56,1
"xgb",24,38694,3.11965608596802,0.537485191251402,-9,0
"xgb",24,38698,23.700927734375,0.762666387403146,53,1
"xgb",24,38700,-24.8414459228516,0.226835791971064,-62,0
"bayes",24,38697,10.506726911836,0.623146471264105,-23,0
"bayes",24,38692,1.35640207340105,0.51611400214774,-63,0
"bayes",24,38693,-10.1097998430619,0.382034765767342,37,1
"bayes",24,38695,53.0831889976496,0.943229445281937,57,1
"bayes",24,38696,4.83120401292906,0.557523444598089,-21,0
"bayes",24,38699,19.6901673899072,0.722166459467984,56,1
"bayes",24,38694,-9.61576778504867,0.386826694962104,-9,0
"bayes",24,38698,41.6171584564437,0.893184531235291,53,1
"bayes",24,38700,-29.0209487563356,0.194721322290221,-62,0
"elo",25,38720,5.90220002697847,0.573471555735458,3,1
"elo",25,38719,5.17562349302681,0.541274083463684,-19,0
"ridge",25,38720,1.98473091656994,0.524364662307458,3,1
"ridge",25,38719,6.11071502010372,0.574621613510998,-19,0
"bt",25,38720,5.24026772327826,0.58198136984721,3,1
"bt",25,38719,5.94383389526432,0.607469173841644,-19,0
"shots",25,38720,0.23,0.48875,3,1
"shots",25,38719,10.6575,0.665,-19,0
"rf",25,38720,10.1675545124686,0.689899396727108,3,1
"rf",25,38719,-8.87880906612924,0.332597499402433,-19,0
"xgb",25,38720,9.37767791748047,0.611346694944823,3,1
"xgb",25,38719,-0.0758640915155411,0.499087196696583,-19,0
"bayes",25,38720,1.88071318964054,0.522642481531555,3,1
"bayes",25,38719,6.00935240107424,0.571554791264034,-19,0
"elo",26,38723,9.13912761657834,0.706337766613648,-32,0
"elo",26,38721,8.93314409043106,0.698602249462981,33,1
"elo",26,38722,8.1479702977671,0.668091354092209,22,1
"elo",26,38724,6.1658330887915,0.58501636422622,53,1
"ridge",26,38723,17.9996690302636,0.710286409005625,-32,0
"ridge",26,38721,20.0195973736879,0.731190180833787,33,1
"ridge",26,38722,18.1785331796834,0.712167839576933,22,1
"ridge",26,38724,12.6773517017121,0.651858896610891,53,1
"bt",26,38723,12.6177771318007,0.82857932995664,-32,0
"bt",26,38721,8.26255748015102,0.699348920891557,33,1
"bt",26,38722,7.33241612032918,0.665521062257274,22,1
"bt",26,38724,6.74968099193733,0.643396100878441,53,1
"shots",26,38723,13.0025,0.6475,-32,0
"shots",26,38721,19.0825,0.705,33,1
"shots",26,38722,12.66,0.6575,22,1
"shots",26,38724,6.9125,0.60125,53,1
"rf",26,38723,-14.4210734126984,0.241398939457562,-32,0
"rf",26,38721,7.77700316047472,0.647460091925546,33,1
"rf",26,38722,16.7699454365079,0.79278391243317,22,1
"rf",26,38724,12.1572926587302,0.722954656906816,53,1
"xgb",26,38723,-8.2515983581543,0.401831209222689,-32,0
"xgb",26,38721,-2.07265019416809,0.475103716126293,33,1
"xgb",26,38722,9.73496437072754,0.615354331452007,22,1
"xgb",26,38724,11.9796724319458,0.640924918325674,53,1
"bayes",26,38723,18.1258542525326,0.705450320622333,-32,0
"bayes",26,38721,19.5645651953577,0.720747147106532,33,1
"bayes",26,38722,18.2944408441221,0.708758189465091,22,1
"bayes",26,38724,12.6657682266167,0.647996007109824,53,1
"elo",27,38725,8.37005241276236,0.676880044659503,14,1
"elo",27,38726,8.37456217866444,0.677057252951894,53,1
"ridge",27,38725,12.8325404573979,0.653623699748287,14,1
"ridge",27,38726,12.8697017911961,0.654045804898631,53,1
"bt",27,38725,12.6766810925937,0.809829170509294,14,1
"bt",27,38726,7.95524620780984,0.676794967020645,53,1
"shots",27,38725,8.01,0.59875,14,1
"shots",27,38726,15.7025,0.70125,53,1
"rf",27,38725,-18.349123015873,0.18678349475663,14,1
"rf",27,38726,19.192181547619,0.823994196540477,53,1
"xgb",27,38725,-12.2583532333374,0.355899867537046,14,1
"xgb",27,38726,12.9058485031128,0.651344974690929,53,1
"bayes",27,38725,12.9250063273426,0.650514654593513,14,1
"bayes",27,38726,12.7651000889818,0.649576830840055,53,1
"elo",28,38728,5.4522788396979,0.553589439970962,-12,0
"elo",28,38727,4.95336278859074,0.531342724620265,-9,0
"ridge",28,38728,11.5408333831953,0.638836236987649,-12,0
"ridge",28,38727,5.6850795772601,0.569478778668685,-9,0
"bt",28,38728,6.20194804110711,0.620999253668987,-12,0
"bt",28,38727,5.34375098421923,0.58723082722896,-9,0
"shots",28,38728,0.415,0.5275,-12,0
"shots",28,38727,10.18,0.5975,-9,0
"rf",28,38728,51.6051111111112,0.993980774659449,-12,0
"rf",28,38727,35.921126984127,0.959755841904122,-9,0
"xgb",28,38728,48.5902481079102,0.928887214238558,-12,0
"xgb",28,38727,29.9590187072754,0.81722524816916,-9,0
"bayes",28,38728,12.3708490835414,0.643485849071524,-12,0
"bayes",28,38727,6.18034567165048,0.573735188185384,-9,0
"elo",3,38515,7.06758977610842,0.623584493773233,8,1
"elo",3,38516,6.04569808669619,0.578922541315136,33,1
"elo",3,38517,0.65433937468006,0.339556043359203,-33,0
"elo",3,38518,19.9009581382022,0.945120443809643,60,1
"elo",3,38519,7.60312089880756,0.646227033042119,-12,0
"elo",3,38520,17.4791097463446,0.917155975076055,-2,0
"elo",3,38521,7.29571905157227,0.633302668478754,-23,0
"ridge",3,38515,9.83617758873889,0.601397234343072,8,1
"ridge",3,38516,16.9621591469862,0.671163469203466,33,1
"ridge",3,38517,3.47006512188435,0.536116142196544,-33,0
"ridge",3,38518,40.2843140746492,0.853693809034537,60,1
"ridge",3,38519,-2.69073026162705,0.471979823223732,-12,0
"ridge",3,38520,27.637404794313,0.764856975208851,-2,0
"ridge",3,38521,2.96356732422594,0.530855980477604,-23,0
"bt",3,38515,6.4023815529725,0.610501210856203,8,1
"bt",3,38516,7.15748951250987,0.630767986664554,33,1
"bt",3,38517,1.74221309286135,0.47953444476659,-33,0
"bt",3,38518,20.6799954543088,0.888674902877752,60,1
"bt",3,38519,5.46567635180101,0.584827151270264,-12,0
"bt",3,38520,15.0207115164487,0.807218263668863,-2,0
"bt",3,38521,6.46004985133591,0.612063543381263,-23,0
"shots",3,38515,7.9475,0.58625,8,1
"shots",3,38516,16.82,0.705,33,1
"shots",3,38517,-13.275,0.3125,-33,0
"shots",3,38518,44.0325,0.93625,60,1
"shots",3,38519,2.4125,0.535,-12,0
"shots",3,38520,26.05,0.80625,-2,0
"shots",3,38521,1.135,0.515,-23,0
"rf",3,38515,28.0547996031746,0.912481204958248,8,1
"rf",3,38516,17.753193452381,0.804610336234724,33,1
"rf",3,38517,5.57507638888889,0.606229095047083,-33,0
"rf",3,38518,27.5435892857143,0.908484637737255,60,1
"rf",3,38519,-23.5810583531965,0.127157942109416,-12,0
"rf",3,38520,19.7099375,0.829653184387908,-2,0
"rf",3,38521,13.0615257936508,0.736112317735796,-23,0
"xgb",3,38515,21.8170967102051,0.745169353638455,8,1
"xgb",3,38516,15.9696378707886,0.685324634106563,33,1
"xgb",3,38517,3.3474063873291,0.540290926606111,-33,0
"xgb",3,38518,28.5256252288818,0.805687349402731,60,1
"xgb",3,38519,-24.0452003479004,0.233703699888589,-12,0
"xgb",3,38520,19.696756362915,0.72417297344016,-2,0
"xgb",3,38521,12.6819829940796,0.649243937694823,-23,0
"bayes",3,38515,11.9038026987102,0.617958421259167,8,1
"bayes",3,38516,15.361671052396,0.649567404326146,33,1
"bayes",3,38517,7.63085921784421,0.57590962393869,-33,0
"bayes",3,38518,30.5767108434866,0.770700353627521,60,1
"bayes",3,38519,0.24827194444482,0.502448331604276,-12,0
"bayes",3,38520,22.946358457896,0.715069592353188,-2,0
"bayes",3,38521,4.26976719786031,0.542541065504231,-23,0
"elo",4,38522,7.62502497572167,0.645649569904101,54,1
"elo",4,38523,0.0967550809526037,0.326008325400592,10,1
"elo",4,38524,6.8342763677701,0.613171520909482,-2,0
"elo",4,38525,-0.84922271327757,0.290501629321956,-42,0
"elo",4,38526,-7.01769052218922,0.121355486057113,-128,0
"elo",4,38527,1.24448074324222,0.371894374446191,20,1
"elo",4,38528,18.5477697304196,0.925824112115988,34,1
"elo",4,38529,3.93488564297152,0.487471064504003,1,1
"ridge",4,38522,12.0732079793353,0.630520209962637,54,1
"ridge",4,38523,-0.0123478124596161,0.499864036172309,10,1
"ridge",4,38524,16.9226284852255,0.679778620536547,-2,0
"ridge",4,38525,-2.64698357713071,0.470879528717262,-42,0
"ridge",4,38526,-17.8645084437132,0.310979240747992,-128,0
"ridge",4,38527,-8.00062237825907,0.41261457930168,20,1
"ridge",4,38528,48.2399049733604,0.908481967553659,34,1
"ridge",4,38529,3.32254626937492,0.536533898602282,1,1
"bt",4,38522,5.91474667106215,0.576218641401899,54,1
"bt",4,38523,4.09615459631918,0.5232821423994,10,1
"bt",4,38524,7.62361088708878,0.624437554097481,-2,0
"bt",4,38525,2.04433545936615,0.462984930573947,-42,0
"bt",4,38526,0.0172045531700586,0.40445099017688,-128,0
"bt",4,38527,0.779478340923617,0.426236507337168,20,1
"bt",4,38528,19.5760707300369,0.871624274785594,34,1
"bt",4,38529,3.41844602867365,0.503355012776807,1,1
"shots",4,38522,7.095,0.615,54,1
"shots",4,38523,-6.9175,0.4075,10,1
"shots",4,38524,4.3725,0.5575,-2,0
"shots",4,38525,-10.5525,0.35125,-42,0
"shots",4,38526,-26.76,0.19875,-128,0
"shots",4,38527,-10.61,0.35875,20,1
"shots",4,38528,62.8125,0.97625,34,1
"shots",4,38529,9.0775,0.595,1,1
"rf",4,38522,23.0743095238095,0.868226872225581,54,1
"rf",4,38523,8.25348055555555,0.655390909477668,10,1
"rf",4,38524,-5.55724702380952,0.393860079636683,-2,0
"rf",4,38525,-7.68752281746032,0.354762830509042,-42,0
"rf",4,38526,-30.5413367673992,0.069455596505343,-128,0
"rf",4,38527,-28.2039761904762,0.0858749271684036,20,1
"rf",4,38528,48.5249401274014,0.990644519277585,34,1
"rf",4,38529,11.6981870490621,0.714584130384287,1,1
"xgb",4,38522,22.9298820495605,0.755840273001624,54,1
"xgb",4,38523,3.20576214790344,0.538590809799108,10,1
"xgb",4,38524,-8.25075817108154,0.401543694362952,-2,0
"xgb",4,38525,-8.03273963928223,0.404093911022583,-42,0
"xgb",4,38526,-18.5823669433594,0.287196291617635,-128,0
"xgb",4,38527,-22.8955936431885,0.244485005052293,20,1
"xgb",4,38528,36.9826622009277,0.868149374563349,34,1
"xgb",4,38529,10.7988777160645,0.627924917652296,1,1
"bayes",4,38522,11.2404500532035,0.61631030264429,54,1
"bayes",4,38523,1.49336779043869,0.515255278897085,10,1
"bayes",4,38524,16.1610117314301,0.663697794468083,-2,0
"bayes",4,38525,2.40701369853066,0.525609468953267,-42,0
"bayes",4,38526,-6.03651877573642,0.440157842391334,-128,0
"bayes",4,38527,-1.3928646336826,0.486084497510928,20,1
"bayes",4,38528,32.0295512001114,0.788385966556267,34,1
"bayes",4,38529,4.06997030383775,0.543154288029143,1,1
"elo",5,38530,13.806108401352,0.842187854803469,28,1
"elo",5,38531,3.91447869307938,0.489625931512918,-6,0
"elo",5,38532,-7.4445147745895,0.117930509932169,-26,0
"elo",5,38533,-0.526003765204239,0.307489591057251,45,1
"elo",5,38534,6.52745234457641,0.601524886666815,32,1
"elo",5,38535,4.61169635386187,0.519854090356851,40,1
"elo",5,38536,21.612635314298,0.953865118252266,46,1
"elo",5,38537,19.1824949385955,0.931332966203034,56,1
"elo",5,38538,7.17104396988901,0.627961063544794,-14,0
"ridge",5,38530,33.8305972086685,0.824380891012959,28,1
"ridge",5,38531,-1.83960555088112,0.479786397824107,-6,0
"ridge",5,38532,-18.1913572051235,0.308095319044918,-26,0
"ridge",5,38533,-12.9657444052278,0.360446138332261,45,1
"ridge",5,38534,7.05261410261705,0.577042155198593,32,1
"ridge",5,38535,-3.41638616514988,0.462500036435378,40,1
"ridge",5,38536,44.4598909680847,0.889726838941548,46,1
"ridge",5,38537,37.161065483388,0.847072945597531,56,1
"ridge",5,38538,9.90848826719322,0.607582969825178,-14,0
"bt",5,38530,12.6278370256322,0.751981768615509,28,1
"bt",5,38531,1.43320732560562,0.460515820901001,-6,0
"bt",5,38532,-2.98574807577576,0.341056799067673,-26,0
"bt",5,38533,-4.08392349562376,0.313689672707486,45,1
"bt",5,38534,3.6733230284542,0.523822866796715,32,1
"bt",5,38535,1.89657611699402,0.47357394658258,40,1
"bt",5,38536,13.4718276342517,0.769371889929265,46,1
"bt",5,38537,14.8814146894686,0.796468035537571,56,1
"bt",5,38538,7.54089984878635,0.630242589264487,-14,0
"shots",5,38530,29.1175,0.85,28,1
"shots",5,38531,-3.65,0.455,-6,0
"shots",5,38532,-37.74,0.1175,-26,0
"shots",5,38533,-19.175,0.25375,45,1
"shots",5,38534,11.4375,0.64,32,1
"shots",5,38535,10.1225,0.63125,40,1
"shots",5,38536,57.2425,0.9675,46,1
"shots",5,38537,42.96,0.94625,56,1
"shots",5,38538,-2.0775,0.4575,-14,0
"rf",5,38530,1.69931845238095,0.532676618039701,28,1
"rf",5,38531,-7.39500892857143,0.360604590506046,-6,0
"rf",5,38532,2.45090178571428,0.547072063492667,-26,0
"rf",5,38533,-9.32897023809524,0.326295464768123,45,1
"rf",5,38534,10.3660396825397,0.69153608308223,32,1
"rf",5,38535,-2.39427182539683,0.454010684617534,40,1
"rf",5,38536,29.2572321428572,0.92099499775759,46,1
"rf",5,38537,23.9313432539682,0.875913310719819,56,1
"rf",5,38538,9.30613392857144,0.673307181176725,-14,0
"xgb",5,38530,2.46405339241028,0.529715941984698,28,1
"xgb",5,38531,-7.67469072341919,0.408185071825577,-6,0
"xgb",5,38532,1.36185967922211,0.516434294103503,-26,0
"xgb",5,38533,-12.913215637207,0.348002014896139,45,1
"xgb",5,38534,13.7951059341431,0.661808517231878,32,1
"xgb",5,38535,0.694783329963684,0.508386079663495,40,1
"xgb",5,38536,36.9837036132812,0.868436431849084,46,1
"xgb",5,38537,29.1690235137939,0.811268009789391,56,1
"xgb",5,38538,15.7461414337158,0.683118531152996,-14,0
"bayes",5,38530,26.0700646775982,0.747939242760713,28,1
"bayes",5,38531,0.105932175030991,0.501049356823657,-6,0
"bayes",5,38532,-8.90527060256491,0.411510764968042,-26,0
"bayes",5,38533,-7.53183572981008,0.425178840350643,45,1
"bayes",5,38534,6.82024073801595,0.568721430459933,32,1
"bayes",5,38535,-0.517664045310741,0.495007484369375,40,1
"bayes",5,38536,32.5561936489845,0.790145854142014,46,1
"bayes",5,38537,27.057764993487,0.752227141215141,56,1
"bayes",5,38538,10.9418163221777,0.61148805355786,-14,0
"elo",6,38539,-0.997409664653587,0.280715758924693,-5,0
"elo",6,38540,5.77506576088333,0.566607015965161,75,1
"elo",6,38541,5.41667091927849,0.550835008524939,41,1
"elo",6,38542,14.7927029182284,0.867350570903668,9,1
"elo",6,38543,14.5292858637887,0.861846482659314,3,1
"elo",6,38544,11.7457498711714,0.791473566234105,1,1
"elo",6,38545,8.29847650980715,0.672269536555493,75,1
"elo",6,38546,-1.59196584647733,0.259792658287718,2,1
"elo",6,38547,-10.9090370035956,0.0623735692731397,-56,0
"ridge",6,38539,-13.6916614380603,0.348263555678415,-5,0
"ridge",6,38540,-7.39103053948131,0.416624433879248,75,1
"ridge",6,38541,14.9647706747509,0.665047289103054,41,1
"ridge",6,38542,46.5435322759432,0.907549041141437,9,1
"ridge",6,38543,34.6085407775656,0.837893914384876,3,1
"ridge",6,38544,29.4850835345315,0.7995163863449,1,1
"ridge",6,38545,16.1679641650223,0.67743971710483,75,1
"ridge",6,38546,-3.64706209125093,0.458629073671009,2,1
"ridge",6,38547,-39.5186942872225,0.130144843069327,-56,0
"bt",6,38539,-0.960528166731413,0.364946845473901,-5,0
"bt",6,38540,4.42419531069201,0.550600176832515,75,1
"bt",6,38541,8.28014650772778,0.678135097414295,41,1
"bt",6,38542,14.9921163189547,0.844075330182569,9,1
"bt",6,38543,15.2151454122276,0.84815781640796,3,1
"bt",6,38544,10.025452119778,0.729204816863479,1,1
"bt",6,38545,11.612069293652,0.770945677815815,75,1
"bt",6,38546,0.648481188696491,0.418790134835034,2,1
"bt",6,38547,-6.25443013860871,0.214461188608608,-56,0
"shots",6,38539,-7.275,0.38125,-5,0
"shots",6,38540,6.4675,0.59125,75,1
"shots",6,38541,22.4475,0.7625,41,1
"shots",6,38542,37.285,0.8825,9,1
"shots",6,38543,43.555,0.9075,3,1
"shots",6,38544,22.43,0.75625,1,1
"shots",6,38545,21.105,0.77125,75,1
"shots",6,38546,-11.3325,0.35375,2,1
"shots",6,38547,-38.625,0.07,-56,0
"rf",6,38539,-1.21501670551671,0.476497352444742,-5,0
"rf",6,38540,-6.27794371118012,0.380345175652449,75,1
"rf",6,38541,23.2629218485995,0.870466769814349,41,1
"rf",6,38542,44.2256954365079,0.98404790855494,9,1
"rf",6,38543,17.7540277777778,0.805473611748375,3,1
"rf",6,38544,4.17021626984127,0.580165931228895,1,1
"rf",6,38545,51.9905009692574,0.994170795027547,75,1
"rf",6,38546,-14.4594464285714,0.241495561386069,2,1
"rf",6,38547,-28.8184216269842,0.0810377132721089,-56,0
"xgb",6,38539,2.49345350265503,0.530064425161264,-5,0
"xgb",6,38540,-2.45825386047363,0.470359201590145,75,1
"xgb",6,38541,24.2071208953857,0.768011050164961,41,1
"xgb",6,38542,44.5317497253418,0.911037564814745,9,1
"xgb",6,38543,9.04902648925781,0.607861865312281,3,1
"xgb",6,38544,6.32010316848755,0.575813744523836,1,1
"xgb",6,38545,34.3591842651367,0.850698078765549,75,1
"xgb",6,38546,-11.8190670013428,0.360340151529361,2,1
"xgb",6,38547,-26.9452247619629,0.207494548939636,-56,0
"bayes",6,38539,-11.1334688653591,0.381103668420952,-5,0
"bayes",6,38540,-6.0651691930624,0.434149164228356,75,1
"bayes",6,38541,12.1075413687595,0.628602333760627,41,1
"bayes",6,38542,42.1173123828115,0.871518607408343,9,1
"bayes",6,38543,30.5357889281116,0.796252490211113,3,1
"bayes",6,38544,26.5521855045373,0.766153662263607,1,1
"bayes",6,38545,13.5629146830116,0.643332273679484,75,1
"bayes",6,38546,0.489539656585474,0.505618823441365,2,1
"bayes",6,38547,-33.8236715642778,0.181133179572891,-56,0
"elo",7,38548,6.93015589750595,0.613979105311566,-66,0
"elo",7,38549,-3.13565100321389,0.215340075219431,-54,0
"elo",7,38550,9.54047510586617,0.714987160854664,49,1
"elo",7,38551,-4.80309386612261,0.170215177088257,-77,0
"elo",7,38552,-1.6388858599173,0.262744104209655,30,1
"elo",7,38553,16.6563011106007,0.896773605776442,14,1
"elo",7,38554,16.3726281037788,0.892098762540696,101,1
"elo",7,38555,7.39943112053717,0.633203982548534,52,1
"elo",7,38556,15.5678300982359,0.877812240158217,7,1
"ridge",7,38548,9.49299536192774,0.605678129585459,-66,0
"ridge",7,38549,-23.7011251249154,0.251653707406576,-54,0
"ridge",7,38550,10.1608612455897,0.612917819258556,49,1
"ridge",7,38551,-16.6796697931142,0.31881453630255,-77,0
"ridge",7,38552,-11.8844618821744,0.368584488358915,30,1
"ridge",7,38553,24.5573555201294,0.755993897157329,14,1
"ridge",7,38554,31.5221957987143,0.813308306807492,101,1
"ridge",7,38555,12.5027216922744,0.637979660890598,52,1
"ridge",7,38556,19.8866191688876,0.712797943760793,7,1
"bt",7,38548,7.58004343963963,0.676767337933806,-66,0
"bt",7,38549,-4.05558559335699,0.251158591833207,-54,0
"bt",7,38550,10.4761390185091,0.767596321254113,49,1
"bt",7,38551,-2.56054557163476,0.29793936256295,-77,0
"bt",7,38552,-2.97617121256089,0.284439112834281,30,1
"bt",7,38553,16.421041918467,0.893831534367628,14,1
"bt",7,38554,8.98911625538315,0.723269370518285,101,1
"bt",7,38555,7.25073985109757,0.665326886462027,52,1
"bt",7,38556,12.4083512196559,0.817411847571576,7,1
"shots",7,38548,10.94,0.65125,-66,0
"shots",7,38549,-22.2925,0.23375,-54,0
"shots",7,38550,17.91,0.72875,49,1
"shots",7,38551,-17.385,0.31125,-77,0
"shots",7,38552,-22.36,0.22625,30,1
"shots",7,38553,34.775,0.855,14,1
"shots",7,38554,35.725,0.9,101,1
"shots",7,38555,18.5475,0.71875,52,1
"shots",7,38556,33.715,0.88,7,1
"rf",7,38548,-11.1954722222222,0.293681115002645,-66,0
"rf",7,38549,-24.9983629513821,0.112811579571201,-54,0
"rf",7,38550,14.8726954365079,0.764515508317056,49,1
"rf",7,38551,-6.71713095238095,0.372367257013598,-77,0
"rf",7,38552,-0.625239087301588,0.487911370524561,30,1
"rf",7,38553,43.4057162698413,0.982308356816563,14,1
"rf",7,38554,33.6174434523809,0.948395470195851,101,1
"rf",7,38555,5.87692063492063,0.612125734459376,52,1
"rf",7,38556,-2.27479861111111,0.456100348928526,7,1
"xgb",7,38548,-12.6871852874756,0.350705234858535,-66,0
"xgb",7,38549,-25.9129905700684,0.21678070414196,-54,0
"xgb",7,38550,5.22859811782837,0.562776539897577,49,1
"xgb",7,38551,-13.1653957366943,0.345363343009925,-77,0
"xgb",7,38552,0.589771866798401,0.507110127793253,30,1
"xgb",7,38553,45.0010147094727,0.913079924801802,14,1
"xgb",7,38554,39.5348472595215,0.883912643448059,101,1
"xgb",7,38555,15.939977645874,0.684997295857367,52,1
"xgb",7,38556,-4.4368724822998,0.446667310178106,7,1
"bayes",7,38548,8.98310942772287,0.594358974219802,-66,0
"bayes",7,38549,-18.5527639009436,0.311857845291078,-54,0
"bayes",7,38550,9.26602859306277,0.598118575021383,49,1
"bayes",7,38551,-12.6462964452261,0.368243653642801,-77,0
"bayes",7,38552,-6.70840681825895,0.429100024173275,30,1
"bayes",7,38553,21.9579460009592,0.718355268148467,14,1
"bayes",7,38554,27.3024643257686,0.762649339717316,101,1
"bayes",7,38555,12.4476440974652,0.631052002267706,52,1
"bayes",7,38556,16.7345453890342,0.671045894860522,7,1
"elo",8,38557,3.12062859971474,0.451245307585917,0,0
"elo",8,38558,4.38398257784928,0.505732040844118,-12,0
"elo",8,38559,10.9298057937588,0.760496767544911,1,1
"elo",8,38560,-5.75392862366126,0.150459154444029,-64,0
"elo",8,38561,6.29439986135596,0.587452847040113,-11,0
"elo",8,38562,17.533167498043,0.908697601659187,49,1
"elo",8,38563,2.81555804106043,0.438212462275745,-39,0
"elo",8,38564,13.4441289633005,0.830672574398014,17,1
"elo",8,38565,4.61784583939119,0.51584200567473,20,1
"ridge",8,38557,-3.30742739967846,0.463501471865121,0,0
"ridge",8,38558,7.86447669913719,0.586225919798008,-12,0
"ridge",8,38559,15.3779189696008,0.664935405631225,1,1
"ridge",8,38560,-22.1355226019535,0.269886146040263,-64,0
"ridge",8,38561,8.78916850441431,0.596175974527249,-11,0
"ridge",8,38562,24.5628276049254,0.751872517684644,49,1
"ridge",8,38563,-5.95732651996184,0.434464569944742,-39,0
"ridge",8,38564,37.2750819693534,0.849086990890134,17,1
"ridge",8,38565,20.7260308566458,0.71705474726208,20,1
"bt",8,38557,2.09868521309025,0.501155124633669,0,0
"bt",8,38558,2.33136675150343,0.50850785332718,-12,0
"bt",8,38559,9.75528216638402,0.725621730004968,1,1
"bt",8,38560,-4.60115711239873,0.301043654347101,-64,0
"bt",8,38561,9.51450517531074,0.719520337577099,-11,0
"bt",8,38562,12.9854563360647,0.799129118031714,49,1
"bt",8,38563,0.901153401527296,0.46337466418402,-39,0
"bt",8,38564,11.9115068182873,0.776450150258924,17,1
"bt",8,38565,8.01706646483683,0.679785546601263,20,1
"shots",8,38557,-2.06,0.48375,0,0
"shots",8,38558,-0.22,0.4975,-12,0
"shots",8,38559,18.1675,0.70625,1,1
"shots",8,38560,-37.6075,0.1075,-64,0
"shots",8,38561,14.695,0.6925,-11,0
"shots",8,38562,40.985,0.89875,49,1
"shots",8,38563,1.56,0.505,-39,0
"shots",8,38564,28.81,0.8225,17,1
"shots",8,38565,11.955,0.66375,20,1
"rf",8,38557,-15.8122143979387,0.221400461347798,0,0
"rf",8,38558,-7.12260912698413,0.364781223569126,-12,0
"rf",8,38559,-22.013506302521,0.142656082356829,1,1
"rf",8,38560,-17.5319057539683,0.19740131705085,-64,0
"rf",8,38561,14.7196337481963,0.762522986345294,-11,0
"rf",8,38562,20.5652906746032,0.840901643813065,49,1
"rf",8,38563,-12.9585351731602,0.264686321758872,-39,0
"rf",8,38564,23.0985109126984,0.868882562599942,17,1
"rf",8,38565,14.0129692460317,0.751792937573642,20,1
"xgb",8,38557,-3.26200294494629,0.460813491384344,0,0
"xgb",8,38558,-17.6775894165039,0.29695809404078,-12,0
"xgb",8,38559,-19.0026969909668,0.283276357941719,1,1
"xgb",8,38560,-17.4573783874512,0.29926074993987,-64,0
"xgb",8,38561,17.338451385498,0.699492320174176,-11,0
"xgb",8,38562,14.1421394348145,0.665141966614587,49,1
"xgb",8,38563,-2.11173009872437,0.474607979505181,-39,0
"xgb",8,38564,32.4030494689941,0.835789849306208,17,1
"xgb",8,38565,14.6264562606812,0.670446017976109,20,1
"bayes",8,38557,-3.01647005003933,0.467961467931692,0,0
"bayes",8,38558,8.12855566688475,0.584351814041715,-12,0
"bayes",8,38559,13.1996961670565,0.635568864125892,1,1
"bayes",8,38560,-17.5249928557375,0.322961310934064,-64,0
"bayes",8,38561,8.89418399168382,0.592115847688804,-11,0
"bayes",8,38562,21.3933544805785,0.711890028567014,49,1
"bayes",8,38563,-5.50528750362642,0.44188874740325,-39,0
"bayes",8,38564,34.3510073650291,0.817380169773915,17,1
"bayes",8,38565,20.3275640500811,0.704860610247363,20,1
"elo",9,38566,7.32631048334054,0.633621221346434,15,1
"elo",9,38567,16.5682421023919,0.901339200281073,11,1
"elo",9,38568,1.94157008704806,0.396044901229746,-2,0
"elo",9,38569,-5.36204994701029,0.149655497979496,-8,0
"elo",9,38570,16.5541306581827,0.9011129730085,14,1
"elo",9,38571,8.08651123342092,0.664784810548239,29,1
"elo",9,38572,6.74432235024587,0.608966835719862,54,1
"elo",9,38573,16.724150169713,0.903808104880734,32,1
"elo",9,38574,-6.85386119569917,0.1185774438028,-37,0
"ridge",9,38566,4.00119883073032,0.54566429802625,15,1
"ridge",9,38567,38.5368633826507,0.865388424265654,11,1
"ridge",9,38568,-2.48393066231149,0.471613566282846,-2,0
"ridge",9,38569,-21.3772621908572,0.269975559454631,-8,0
"ridge",9,38570,33.3215948915162,0.830294927779722,14,1
"ridge",9,38571,13.8285701700074,0.654119219572953,29,1
"ridge",9,38572,7.7110441274288,0.587483342189827,54,1
"ridge",9,38573,40.6009577580012,0.877794272346121,32,1
"ridge",9,38574,-31.9642444518335,0.179724349778613,-37,0
"bt",9,38566,5.16049024630331,0.589557521149264,15,1
"bt",9,38567,18.0497532157706,0.892345929934236,11,1
"bt",9,38568,1.05889690512179,0.4512469128287,-2,0
"bt",9,38569,-2.42859720667879,0.338520626963693,-8,0
"bt",9,38570,14.8123605088219,0.842199049727435,14,1
"bt",9,38571,11.9492524558415,0.78335595986024,29,1
"bt",9,38572,6.49337955221935,0.632601688817447,54,1
"bt",9,38573,11.3951483105829,0.770295348712482,32,1
"bt",9,38574,-4.6897369931558,0.273411307716433,-37,0
"shots",9,38566,-3.3875,0.455,15,1
"shots",9,38567,33.5775,0.88375,11,1
"shots",9,38568,-2.0525,0.47625,-2,0
"shots",9,38569,-31.6075,0.16875,-8,0
"shots",9,38570,34.7975,0.86,14,1
"shots",9,38571,16.11,0.68,29,1
"shots",9,38572,13.3675,0.65625,54,1
"shots",9,38573,38.4775,0.9075,32,1
"shots",9,38574,-34.0675,0.125,-37,0
"rf",9,38566,5.55791666666667,0.606285983769797,15,1
"rf",9,38567,41.8128908730159,0.978751738153854,11,1
"rf",9,38568,33.8686329365079,0.949828738757799,-2,0
"rf",9,38569,-22.1970297619048,0.140756369030919,-8,0
"rf",9,38570,23.7069575501253,0.874965968499748,14,1
"rf",9,38571,3.67490575396825,0.570754116893917,29,1
"rf",9,38572,18.0947155743079,0.810000040439416,54,1
"rf",9,38573,49.4527261904762,0.991786429334544,32,1
"rf",9,38574,4.11791071428571,0.579176636717478,-37,0
"xgb",9,38566,2.5605297088623,0.53082951273953,15,1
"xgb",9,38567,41.4577178955078,0.894799511175303,11,1
"xgb",9,38568,37.4589195251465,0.871110754110854,-2,0
"xgb",9,38569,-19.4341373443604,0.278562411575038,-8,0
"xgb",9,38570,30.0110530853271,0.817704759657038,14,1
"xgb",9,38571,5.09749937057495,0.561194599154512,29,1
"xgb",9,38572,12.2169237136841,0.643966293157103,54,1
"xgb",9,38573,44.8743324279785,0.912399764865924,32,1
"xgb",9,38574,2.22615671157837,0.526810087785868,-37,0
"bayes",9,38566,6.04424964341297,0.565465219859894,15,1
"bayes",9,38567,34.8275331609738,0.828348404978474,11,1
"bayes",9,38568,-0.962605272492585,0.48937601631243,-2,0
"bayes",9,38569,-17.8635491629471,0.313803117203655,-8,0
"bayes",9,38570,30.4206309407702,0.797077543995816,14,1
"bayes",9,38571,13.8595402534992,0.647978538849382,29,1
"bayes",9,38572,7.19028716102288,0.577949078340827,54,1
"bayes",9,38573,38.1695293475326,0.848511153892237,32,1
"bayes",9,38574,-26.9079972776974,0.23197942883824,-37,0
